order_id,order_date,customer_id,product_id,store_id,sales_channel,quantity,unit_price,discount_pct,total_amount,cost_price,profit
O00000,31-01-2025,C0125,P1086,Online,Online,2,80.63,0.05,153.2,69.87,13.46
O00001,29-09-2025,C0633,P0973,S042,In-Store,20,209.16,0.05,3974.04,120.11,1571.84
O00002,29-08-2024,C0653,P0659,Online,Online,2,218.6,0.1,393.48,173.17,47.14
O00003,13-05-2025,C0753,P0666,S014,In-Store,1,78.53,0.2,62.82,65.86,-3.04
O00004,22-07-2025,C0627,P0166,S017,In-Store,1,344.93,0.2,275.94,174.83,101.11
O00005,16-12-2025,C0716,P0205,S018,In-Store,1,14.31,0.05,13.59,7.9,5.69
O00006,25-09-2024,C0532,P1171,S045,In-Store,2,230.62,0,461.24,185.92,89.4
O00007,27-09-2024,C0515,P0178,S043,In-Store,2,129.07,0.2,206.51,94.08,18.35
O00008,01-03-2025,C0456,P0236,S034,In-Store,2,196.93,0.05,374.17,173.04,28.09
O00009,02-12-2024,C0174,P0183,Online,Online,3,304.66,0,913.98,181.16,370.5
O00010,03-05-2024,C0334,P0785,S014,In-Store,1,57.39,0.1,51.65,46.09,5.56
O00011,12-04-2025,C0686,P0252,S059,In-Store,2,231.15,0.2,369.84,196.57,-23.3
O00012,13-11-2025,C0708,P0681,S059,In-Store,1,342.55,0,342.55,190.14,152.41
O00013,05-10-2025,C0386,P0781,S050,In-Store,1,153.3,0.2,122.64,99.94,22.7
O00014,18-11-2025,C0228,P0530,Online,Online,2,274.32,0,548.64,147.34,253.96
O00015,06-05-2025,C0348,P0528,S047,In-Store,2,102.08,0,204.16,65.43,73.3
O00016,16-07-2024,C0130,P0641,S036,In-Store,1,240.92,0,240.92,123.63,117.29
O00017,19-01-2025,C0604,P1096,Online,Online,1,214.66,0.2,171.73,109.25,62.48
O00018,05-03-2025,C0327,P0747,S059,In-Store,1,127.24,0.05,120.88,84.49,36.39
O00019,28-04-2024,C0616,P0255,Online,Online,10,21.15,0.2,169.2,17.85,-9.3
O00020,15-03-2025,C0471,P0647,Online,Online,2,139.35,0.1,250.83,105.87,39.09
O00021,27-11-2024,C0511,P0933,Online,Online,2,25.25,0.1,45.45,13.75,17.95
O00022,28-06-2025,C0681,P0070,S019,In-Store,2,235,0,470,176.02,117.96
O00023,10-10-2025,C0723,P1175,S053,In-Store,2,26.47,0.05,50.29,23.03,4.23
O00024,16-07-2025,C0721,P0771,Online,Online,2,155.11,0.1,279.2,81.54,116.12
O00025,19-05-2025,C0733,P0431,S059,In-Store,1,39.3,0.05,37.33,21.12,16.21
O00026,07-03-2025,C0053,P0366,S046,In-Store,2,230.23,0.2,368.37,183.08,2.21
O00027,03-04-2025,C0675,P0326,S035,In-Store,2,134.39,0.2,215.02,95.57,23.88
O00028,17-08-2024,C0694,P0969,S048,In-Store,2,171.98,0.2,275.17,90.71,93.75
O00029,12-07-2025,C0540,P0579,Online,Online,1,137.64,0.05,130.76,74.19,56.57
O00030,21-10-2025,C0561,P0806,Online,Online,1,38.24,0.1,34.42,24.55,9.87
O00031,18-02-2025,C0594,P0110,S045,In-Store,3,280.19,0.1,756.51,170.81,244.08
O00032,27-01-2025,C0167,P1182,Online,Online,1,275.08,0.2,220.06,167.92,52.14
O00033,19-06-2025,C0148,P0429,Online,Online,1,257.83,0.05,244.94,138.39,106.55
O00034,04-06-2025,C0009,P0741,S036,In-Store,2,25.86,0,51.72,13.55,24.62
O00035,14-09-2024,C0151,P0771,S027,In-Store,1,155.11,0.05,147.35,81.54,65.81
O00036,14-12-2024,C0098,P0728,S011,In-Store,3,242.37,0,727.11,152.25,270.36
O00037,14-06-2025,C0527,P0693,S009,In-Store,2,147.47,0.2,235.95,132.72,-29.49
O00038,26-11-2025,C0121,P0493,S019,In-Store,2,178.11,0.05,338.41,108.79,120.83
O00039,18-08-2025,C0384,P0183,S055,In-Store,1,304.66,0.2,243.73,181.16,62.57
O00040,19-04-2024,C0668,P0911,S007,In-Store,3,298.36,0,895.08,154.31,432.15
O00041,30-12-2024,C0500,P1043,Online,Online,2,321.82,0.2,514.91,198.11,118.69
O00042,13-01-2025,C0763,P0193,S011,In-Store,1,62.96,0.2,50.37,32.26,18.11
O00043,28-05-2025,C0660,P0888,Online,Online,2,99.91,0.05,189.83,50.37,89.09
O00044,09-12-2024,C0065,P1100,Online,Online,1,74.54,0,74.54,42.65,31.89
O00045,10-05-2025,C0549,P1085,S033,In-Store,2,42.67,0,85.34,36.58,12.18
O00046,09-02-2025,C0212,P0240,Online,Online,10,85.49,0.05,812.16,52.45,287.66
O00047,01-08-2024,C0457,P0643,Online,Online,1,252.43,0.05,239.81,137.05,102.76
O00048,29-08-2025,C0668,P0330,Online,Online,1,355.55,0.1,320,189.35,130.65
O00049,02-05-2025,C0035,P0173,S032,In-Store,3,209.18,0.1,564.79,115.36,218.71
O00050,13-07-2024,C0557,P0351,S017,In-Store,1,170.33,0,170.33,106.14,64.19
O00051,05-07-2025,C0047,P1063,S018,In-Store,3,71.55,0.2,171.72,60.93,-11.07
O00052,07-06-2024,C0502,P0640,S022,In-Store,1,215.37,0.05,204.6,131.24,73.36
O00053,19-10-2024,C0678,P0091,Online,Online,1,27.29,0.05,25.93,20.11,5.82
O00054,20-07-2024,C0220,P0274,S013,In-Store,1,285.95,0.1,257.36,198.93,58.43
O00055,12-05-2024,C0746,P0864,Online,Online,3,113.48,0.1,306.4,63.42,116.14
O00056,27-05-2024,C0665,P0334,S005,In-Store,1,135.83,0.1,122.25,118.75,3.5
O00057,30-03-2025,C0711,P0293,S004,In-Store,1,259.84,0.1,233.86,179.45,54.41
O00058,24-08-2024,C0713,P0394,S036,In-Store,2,219,0.05,416.1,165.56,84.98
O00059,06-11-2024,C0157,P0647,S027,In-Store,2,139.35,0.2,222.96,105.87,11.22
O00060,19-04-2025,C0618,P0506,Online,Online,3,76.44,0,229.32,44.45,95.97
O00061,03-01-2025,C0700,P1123,S021,In-Store,3,75.06,0,225.18,58.9,48.48
O00062,09-03-2025,C0341,P0559,Online,Online,1,286.97,0.05,272.62,166.15,106.47
O00063,22-06-2024,C0100,P0772,S014,In-Store,1,121.36,0.2,97.09,102.72,-5.63
O00064,20-08-2024,C0596,P0252,Online,Online,1,231.15,0.1,208.04,196.57,11.47
O00065,17-07-2024,C0501,P0195,S044,In-Store,2,151.18,0.1,272.12,77.35,117.42
O00066,01-11-2024,C0622,P0202,S010,In-Store,1,218.6,0.1,196.74,119.34,77.4
O00067,04-02-2025,C0398,P0370,S047,In-Store,1,106.39,0.2,85.11,58.2,26.91
O00068,12-06-2025,C0130,P0530,Online,Online,2,274.32,0.05,521.21,147.34,226.53
O00069,13-02-2025,C0146,P0775,S017,In-Store,1,22.99,0,22.99,12.88,10.11
O00070,22-02-2025,C0654,P0758,S015,In-Store,2,218.78,0.2,350.05,135.84,78.37
O00071,12-07-2024,C0187,P0898,S051,In-Store,1,204.25,0.2,163.4,167.86,-4.46
O00072,01-05-2024,C0282,P0876,S045,In-Store,1,181.91,0.05,172.81,156.25,16.56
O00073,04-05-2025,C0089,P0625,S020,In-Store,1,249.56,0,249.56,178.47,71.09
O00074,24-11-2025,C0078,P0491,S010,In-Store,2,205.2,0,410.4,156.25,97.9
O00075,14-12-2024,C0292,P1134,S051,In-Store,3,40.51,0,121.53,26.67,41.52
O00076,29-10-2024,C0434,P1041,S008,In-Store,1,127.15,0.2,101.72,93.33,8.39
O00077,09-09-2025,C0701,P1090,S025,In-Store,1,32.87,0,32.87,18.73,14.14
O00078,02-06-2025,C0763,P0014,Online,In-Store,1,34.42,0.1,30.98,17.91,13.07
O00079,06-01-2025,C0756,P1081,S002,In-Store,1,26.3,0.2,21.04,16.09,4.95
O00080,22-10-2024,C0690,P1072,S011,In-Store,1,200.65,0,200.65,138.28,62.37
O00081,11-03-2025,C0136,P1052,S003,In-Store,1,190.93,0.2,152.74,126.53,26.21
O00082,13-05-2025,C0174,P0764,S021,In-Store,1,241.25,0.05,229.19,143.88,85.31
O00083,05-06-2024,C0784,P0241,Online,Online,1,195.47,0.2,156.38,150.43,5.95
O00084,05-11-2025,C0218,P0004,S036,In-Store,2,88.47,0.2,141.55,71.35,-1.15
O00085,15-03-2025,C0312,P1055,S002,In-Store,2,200.83,0.2,321.33,115.79,89.75
O00086,20-06-2024,C0499,P0117,S039,In-Store,1,197.56,0.2,158.05,116.12,41.93
O00087,12-09-2024,C0362,P0219,Online,Online,2,125.63,0.05,238.7,73.95,90.8
O00088,31-05-2025,C0009,P0207,S012,In-Store,1,176.19,0,176.19,97.87,78.32
O00089,04-05-2024,C0157,P0841,Online,Online,10,101.01,0.2,808.08,53.94,268.68
O00090,19-09-2025,C0787,P0512,Online,Online,3,258.13,0.2,619.51,140.64,197.59
O00091,26-08-2024,C0373,P0877,S034,In-Store,3,238.06,0.1,642.76,179.66,103.78
O00092,01-03-2025,C0449,P0899,Online,Online,1,118.47,0.1,106.62,99.65,6.97
O00093,18-03-2025,C0005,P0735,S045,In-Store,2,196.86,0.05,374.03,158.32,57.39
O00094,25-11-2025,C0291,P0082,Online,Online,2,177.36,0.2,283.78,136.2,11.38
O00095,27-02-2025,C0032,P0328,S017,In-Store,1,126.04,0.2,100.83,105.42,-4.59
O00096,14-04-2025,C0272,P0243,S035,In-Store,2,62.91,0.2,100.66,51.07,-1.48
O00097,15-02-2025,C0731,P0260,S048,In-Store,3,116.29,0.2,279.1,104.16,-33.38
O00098,30-05-2024,C0759,P0796,Online,Online,1,87.96,0,87.96,77.22,10.74
O00099,06-09-2025,C0129,P0318,S000,In-Store,1,80.1,0.05,76.09,64.3,11.79
O00100,28-02-2025,C0350,P0879,S047,In-Store,3,168.21,0,504.63,148.84,58.11
O00101,17-12-2025,C0296,P0577,S048,In-Store,2,309.01,0.2,494.42,154.53,185.36
O00102,21-09-2025,C0156,P1047,Online,Online,2,126.31,0.1,227.36,79.41,68.54
O00103,13-01-2025,C0269,P0506,S027,In-Store,2,76.44,0.05,145.24,44.45,56.34
O00104,04-12-2025,C0596,P0211,S032,In-Store,2,143.29,0.05,272.25,123.62,25.01
O00105,25-07-2024,C0605,P0304,Online,Online,1,138.55,0.05,131.62,77.54,54.08
O00106,19-08-2025,C0280,P0393,S027,In-Store,3,301.95,0,905.85,152.45,448.5
O00107,19-12-2025,C0093,P0104,S033,In-Store,3,237.61,0.1,641.55,131.78,246.21
O00108,16-07-2024,C0236,P0454,S030,In-Store,1,57.81,0,57.81,39.64,18.17
O00109,01-05-2024,C0659,P0105,S017,In-Store,1,49.07,0.1,44.16,43.88,0.28
O00110,16-10-2024,C0359,P0856,Online,Online,1,72.18,0,72.18,53.24,18.94
O00111,23-06-2025,C0000,P0106,S020,In-Store,2,117.1,0.05,222.49,97.34,27.81
O00112,12-09-2025,C0286,P0206,Online,In-Store,2,44.72,0.2,71.55,38.98,-6.41
O00113,11-05-2025,C0311,P0228,Online,Online,1,59.1,0,59.1,35.69,23.41
O00114,26-03-2025,C0788,P0266,S047,In-Store,3,273.92,0.1,739.58,151.72,284.42
O00115,03-02-2025,C0603,P1083,S015,In-Store,1,186.78,0.1,168.1,140.65,27.45
O00116,07-09-2025,C0393,P0178,S008,In-Store,2,129.07,0,258.14,94.08,69.98
O00117,09-09-2025,C0670,P0390,Online,Online,1,178.02,0.2,142.42,92.46,49.96
O00118,14-06-2025,C0076,P1119,S019,In-Store,1,64.93,0.2,51.94,51.65,0.29
O00119,13-08-2025,C0206,P1092,S002,In-Store,1,48.28,0.05,45.87,34.56,11.31
O00120,29-12-2024,C0563,P0517,S048,In-Store,2,203.43,0.1,366.17,172.69,20.79
O00121,01-03-2025,C0459,P0240,S004,In-Store,1,85.49,0.2,68.39,52.45,15.94
O00122,03-07-2024,C0515,P0044,Online,Online,1,22.6,0.1,20.34,14.78,5.56
O00123,24-06-2025,C0132,P0593,Online,Online,2,71.58,0,143.16,37.74,67.68
O00124,16-11-2024,C0710,P0389,S025,In-Store,1,277.24,0.2,221.79,154.95,66.84
O00125,25-05-2025,C0525,P0153,Online,Online,1,56.67,0.2,45.34,28.68,16.66
O00126,19-04-2025,C0399,P0820,S013,In-Store,30,310.73,0.05,8855.8,193.38,3054.4
O00127,13-08-2024,C0585,P0446,S000,In-Store,3,89.71,0.2,215.3,61.91,29.57
O00128,16-08-2024,C0737,P1075,Online,Online,1,285.01,0.05,270.76,191.46,79.3
O00129,24-02-2025,C0274,P1130,Online,Online,2,208.54,0.05,396.23,178.82,38.59
O00130,03-05-2024,C0243,P0597,Online,Online,1,105.66,0.05,100.38,73.49,26.89
O00131,15-05-2025,C0284,P0272,Online,Online,2,43.92,0,87.84,22.88,42.08
O00132,28-01-2025,C0254,P0430,S000,In-Store,2,126.13,0.1,227.03,78.96,69.11
O00133,14-04-2024,C0377,P0664,Online,Online,1,191.74,0.1,172.57,109.09,63.48
O00134,16-01-2025,C0418,P0603,S003,In-Store,1,31.8,0,31.8,24.75,7.05
O00135,07-05-2024,C0224,P0572,Online,Online,1,271.22,0,271.22,177.14,94.08
O00136,28-04-2025,C0796,P1194,Online,Online,1,50.75,0.2,40.6,33.5,7.1
O00137,10-01-2025,C0263,P1128,Online,Online,1,153.7,0.2,122.96,86.72,36.24
O00138,25-12-2025,C0275,P0417,S051,In-Store,1,56.54,0.2,45.23,43.26,1.97
O00139,17-01-2025,C0237,P0888,S057,In-Store,1,99.91,0.2,79.93,50.37,29.56
O00140,05-10-2024,C0185,P0940,Online,Online,2,21.41,0.05,40.68,16.72,7.24
O00141,10-07-2025,C0502,P0369,S001,In-Store,3,314.41,0.1,848.91,197.87,255.3
O00142,01-06-2024,C0181,P0807,S012,In-Store,1,135.25,0,135.25,80.88,54.37
O00143,23-04-2024,C0436,P0502,S041,In-Store,2,256.28,0.2,410.05,165.85,78.35
O00144,03-05-2024,C0539,P0281,S051,In-Store,2,197.67,0,395.34,145.12,105.1
O00145,22-03-2025,C0386,P0786,Online,Online,2,21.67,0,43.34,13.41,16.52
O00146,21-10-2025,C0659,P0089,Online,Online,2,229.1,0,458.2,150.01,158.18
O00147,24-12-2024,C0642,P0027,S000,In-Store,2,236.79,0,473.58,189.64,94.3
O00148,22-05-2025,C0346,P0174,Online,Online,2,178.88,0.2,286.21,123.85,38.51
O00149,14-06-2024,C0454,P0334,S030,In-Store,1,135.83,0.05,129.04,118.75,10.29
O00150,30-06-2024,C0556,P0547,S007,In-Store,2,235.33,0,470.66,147.83,175
O00151,27-01-2025,C0105,P1115,Online,Online,2,265.8,0.2,425.28,159.26,106.76
O00152,18-02-2025,C0229,P0049,Online,Online,1,186.29,0.2,149.03,135.98,13.05
O00153,28-04-2025,C0671,P0587,Online,Online,2,78.06,0.2,124.9,63.84,-2.78
O00154,27-06-2025,C0732,P0230,S007,In-Store,2,73.43,0.05,139.52,47.04,45.44
O00155,26-09-2024,C0288,P0731,Online,Online,1,138.18,0.1,124.36,113.54,10.82
O00156,29-01-2025,C0086,P0088,S011,In-Store,3,361.93,0.2,868.63,190.26,297.85
O00157,09-06-2024,C0614,P0371,S009,In-Store,4,229.56,0.1,826.42,131.42,300.74
O00158,03-09-2025,C0293,P0713,S017,In-Store,1,175.75,0.2,140.6,139.9,0.7
O00159,20-07-2024,C0271,P0156,S055,In-Store,1,140.3,0.05,133.28,104.23,29.05
O00160,30-09-2024,C0150,P0655,Online,Online,2,25.85,0.2,41.36,15.47,10.42
O00161,16-04-2024,C0526,P0979,S007,In-Store,2,117.11,0.2,187.38,65.36,56.66
O00162,12-12-2025,C0285,P0296,Online,Online,1,34.89,0.05,33.15,25.01,8.14
O00163,26-08-2025,C0394,P0722,S027,In-Store,3,17.67,0.2,42.41,15.35,-3.64
O00164,22-01-2025,C0423,P0682,Online,Online,1,197.42,0.05,187.55,130.65,56.9
O00165,27-03-2025,C0562,P1018,S031,In-Store,2,167.01,0.05,317.32,129.58,58.16
O00166,14-07-2024,C0594,P0863,S049,In-Store,1,109.7,0.05,104.22,72.06,32.16
O00167,15-07-2025,C0240,P0740,Online,Online,3,149.47,0,448.41,110.35,117.36
O00168,29-09-2024,C0485,P0273,S003,In-Store,3,125.14,0.1,337.88,85.9,80.18
O00169,02-01-2025,C0797,P0285,Online,Online,1,86.63,0.05,82.3,74.63,7.67
O00170,18-07-2025,C0564,P0862,Online,Online,1,105.88,0.05,100.59,85.38,15.21
O00171,09-04-2025,C0141,P0240,S045,In-Store,2,85.49,0.05,162.43,52.45,57.53
O00172,05-07-2024,C0026,P0869,S044,In-Store,1,216.72,0,216.72,171.43,45.29
O00173,08-01-2025,C0075,P0976,S055,In-Store,1,290.2,0.05,275.69,146.74,128.95
O00174,04-08-2025,C0374,P0289,Online,Online,2,17.32,0,34.64,13.54,7.56
O00175,12-12-2025,C0426,P0306,S030,In-Store,1,148.17,0.05,140.76,102.31,38.45
O00176,19-10-2025,C0715,P0613,S046,In-Store,1,316.84,0.1,285.16,194.29,90.87
O00177,22-09-2025,C0660,P0027,Online,Online,1,236.79,0.05,224.95,189.64,35.31
O00178,21-03-2025,C0657,P0065,S011,In-Store,1,103.15,0.05,97.99,57.03,40.96
O00179,11-11-2024,C0433,P0930,S053,In-Store,3,201.43,0.1,543.86,135.99,135.89
O00180,15-08-2025,C0513,P0626,S027,In-Store,1,352.02,0.05,334.42,184.56,149.86
O00181,09-05-2024,C0094,P1068,S017,In-Store,2,222.82,0.05,423.36,121.13,181.1
O00182,07-04-2025,C0410,P0114,Online,Online,1,291.58,0.05,277,148.09,128.91
O00183,24-03-2025,C0572,P0158,S029,In-Store,1,106.61,0.2,85.29,58.87,26.42
O00184,02-09-2025,C0657,P0829,S010,In-Store,2,244.31,0,488.62,170.36,147.9
O00185,15-04-2025,C0662,P0868,Online,Online,2,207.53,0,415.06,131.45,152.16
O00186,15-06-2024,C0371,P0687,Online,Online,2,207.29,0.1,373.12,163.92,45.28
O00187,12-12-2025,C0109,P0133,Online,Online,2,50.24,0,100.48,28.1,44.28
O00188,18-08-2024,C0316,P0384,S040,In-Store,1,35.44,0,35.44,22.73,12.71
O00189,15-11-2025,C0087,P1167,S036,In-Store,1,55.44,0.2,44.35,27.8,16.55
O00190,09-10-2024,C0322,P0190,S000,In-Store,1,232.24,0.1,209.02,136.2,72.82
O00191,09-02-2025,C0407,P1024,Online,Online,1,22.98,0.2,18.38,15.49,2.89
O00192,16-09-2025,C0132,P0199,S057,In-Store,4,115.92,0,463.68,58.8,228.48
O00193,08-10-2024,C0793,P0307,Online,Online,3,184,0.2,441.6,142.29,14.73
O00194,27-04-2025,C0038,P0594,Online,Online,1,9.3,0.2,7.44,7.22,0.22
O00195,03-12-2024,C0640,P0191,S014,In-Store,1,208.21,0.05,197.8,136.59,61.21
O00196,10-07-2024,C0669,P0288,S010,In-Store,2,281.92,0.1,507.46,144.63,218.2
O00197,18-02-2025,C0134,P0694,Online,Online,2,156.82,0.2,250.91,89.41,72.09
O00198,04-03-2025,C0729,P0793,Online,Online,2,273.34,0,546.68,166.17,214.34
O00199,03-01-2025,C0580,P1018,Online,Online,1,167.01,0,167.01,129.58,37.43
O00200,01-02-2025,C0316,P1120,S051,In-Store,1,146.64,0,146.64,124.35,22.29
O00201,11-10-2024,C0465,P0642,Online,Online,2,258.83,0.1,465.89,171.06,123.77
O00202,09-09-2025,C0286,P1180,S005,In-Store,2,89.37,0,178.74,47.06,84.62
O00203,05-06-2025,C0790,P0943,Online,Online,1,181.12,0.2,144.9,104.17,40.73
O00204,11-12-2024,C0781,P0905,S008,In-Store,1,138.07,0,138.07,108.67,29.4
O00205,14-10-2025,C0499,P0081,S018,In-Store,1,102.43,0.2,81.94,60.34,21.6
O00206,26-08-2025,C0634,P0264,S032,In-Store,2,69.39,0.1,124.9,40.26,44.38
O00207,27-03-2025,C0698,P0846,S016,In-Store,4,257.54,0,1030.16,178.48,316.24
O00208,09-12-2025,C0659,P0116,S015,In-Store,2,196.71,0,393.42,166.99,59.44
O00209,06-08-2025,C0107,P0595,S036,In-Store,1,277.06,0.2,221.65,158.47,63.18
O00210,29-10-2025,C0228,P0795,S042,In-Store,2,255.38,0,510.76,133.58,243.6
O00211,07-10-2024,C0479,P1095,S029,In-Store,2,96.11,0,192.22,70.02,52.18
O00212,05-08-2024,C0749,P0221,S059,In-Store,2,58.35,0.2,93.36,48.73,-4.1
O00213,07-12-2024,C0204,P0822,S020,In-Store,2,79.83,0.1,143.69,55.27,33.15
O00214,31-12-2025,C0497,P0435,S030,In-Store,4,254.88,0,1019.52,186.13,275
O00215,30-11-2024,C0039,P1116,Online,Online,1,207.01,0.2,165.61,176.53,-10.92
O00216,28-06-2024,C0218,P0655,S038,In-Store,2,25.85,0.2,41.36,15.47,10.42
O00217,24-11-2025,C0370,P0880,S013,In-Store,1,166.53,0,166.53,97.2,69.33
O00218,16-02-2025,C0023,P0866,Online,Online,2,64.96,0.05,123.42,36.84,49.74
O00219,20-11-2024,C0070,P0560,S019,In-Store,1,59.02,0.2,47.22,33.92,13.3
O00220,20-05-2025,C0537,P0438,S016,In-Store,1,270.3,0.05,256.79,193.94,62.85
O00221,19-01-2025,C0094,P0877,S048,In-Store,1,238.06,0.1,214.25,179.66,34.59
O00222,01-12-2025,C0357,P0858,S034,In-Store,2,309.56,0.05,588.16,195.12,197.92
O00223,18-03-2025,C0447,P0726,S036,In-Store,2,268.98,0.2,430.37,185.66,59.05
O00224,20-07-2025,C0574,P1016,Online,Online,1,321,0.05,304.95,186.81,118.14
O00225,21-11-2025,C0751,P0648,Online,Online,2,240.95,0.2,385.52,137.75,110.02
O00226,05-10-2024,C0511,P0648,Online,Online,1,240.95,0.2,192.76,137.75,55.01
O00227,04-06-2024,C0739,P0007,S017,In-Store,1,276.22,0.05,262.41,166.73,95.68
O00228,15-01-2025,C0654,P1184,Online,Online,1,32.67,0.05,31.04,22.25,8.79
O00229,30-08-2025,C0192,P0860,S049,In-Store,1,179.4,0.05,170.43,107.07,63.36
O00230,02-11-2024,C0221,P0712,Online,Online,4,124,0.05,471.2,108.42,37.52
O00231,03-04-2025,C0590,P0029,S023,In-Store,2,37.24,0,74.48,28.6,17.28
O00232,03-04-2025,C0314,P1028,S007,In-Store,1,233.27,0.2,186.62,189.75,-3.13
O00233,28-08-2024,C0466,P0847,S022,In-Store,1,292.23,0.2,233.78,174.31,59.47
O00234,29-11-2025,C0783,P0687,Online,Online,3,207.29,0.05,590.78,163.92,99.02
O00235,03-01-2025,C0382,P0362,S010,In-Store,4,149.41,0.2,478.11,85.59,135.75
O00236,19-11-2025,C0675,P0895,S044,In-Store,1,205.55,0,205.55,156.32,49.23
O00237,15-02-2025,C0106,P0183,S039,In-Store,1,304.66,0.2,243.73,181.16,62.57
O00238,09-04-2025,C0767,P1115,Online,Online,3,265.8,0.2,637.92,159.26,160.14
O00239,02-02-2025,C0033,P0593,S013,In-Store,2,71.58,0.05,136,37.74,60.52
O00240,09-07-2025,C0564,P0780,Online,Online,1,253.19,0.2,202.55,194.67,7.88
O00241,04-03-2025,C0359,P0950,S052,In-Store,20,182.2,0.2,2915.2,106.54,784.4
O00242,10-04-2025,C0383,P0458,S017,In-Store,1,296.72,0.1,267.05,160.55,106.5
O00243,14-02-2025,C0480,P0849,S000,In-Store,2,111.61,0.2,178.58,66.13,46.32
O00244,04-07-2024,C0026,P0314,S053,In-Store,2,144.23,0.1,259.61,82.64,94.33
O00245,27-06-2024,C0585,P0880,Online,Online,2,166.53,0.2,266.45,97.2,72.05
O00246,14-07-2025,C0659,P0805,S051,In-Store,1,290.78,0.2,232.62,171.72,60.9
O00247,01-01-2025,C0651,P0799,Online,In-Store,2,61.07,0.2,97.71,55.27,-12.83
O00248,12-11-2025,C0529,P0324,S006,In-Store,1,96.35,0.05,91.53,52.75,38.78
O00249,16-09-2025,C0646,P1181,S053,In-Store,2,64.84,0.1,116.71,36.94,42.83
O00250,27-08-2024,C0162,P0660,Online,Online,1,161.23,0,161.23,128.05,33.18
O00251,27-11-2025,C0011,P0111,Online,Online,1,184.61,0,184.61,108.89,75.72
O00252,23-04-2025,C0025,P0267,S040,In-Store,1,349.07,0.1,314.16,193.29,120.87
O00253,21-02-2025,C0668,P0454,Online,Online,2,57.81,0.05,109.84,39.64,30.56
O00254,17-01-2025,C0526,P0774,S042,In-Store,2,58.03,0,116.06,36.05,43.96
O00255,20-08-2025,C0147,P0047,S037,In-Store,1,141,0,141,86.75,54.25
O00256,14-08-2025,C0610,P0251,Online,Online,2,201.63,0.1,362.93,102.77,157.39
O00257,11-08-2024,C0184,P0190,Online,Online,1,232.24,0.1,209.02,136.2,72.82
O00258,13-01-2025,C0212,P0800,Online,Online,1,100.39,0,100.39,78.13,22.26
O00259,09-02-2025,C0498,P0156,Online,Online,1,140.3,0.2,112.24,104.23,8.01
O00260,30-07-2024,C0321,P0923,S011,In-Store,4,73.26,0.1,263.74,64.43,6.02
O00261,21-11-2024,C0182,P1161,Online,In-Store,1,32.57,0,32.57,17.28,15.29
O00262,27-07-2024,C0351,P0710,S039,In-Store,3,23.5,0,70.5,14.07,28.29
O00263,01-05-2025,C0759,P0521,S012,In-Store,2,206.03,0,412.06,150.83,110.4
O00264,16-10-2025,C0530,P1048,S013,In-Store,2,60.3,0.1,108.54,41.7,25.14
O00265,17-10-2024,C0222,P0060,S014,In-Store,3,146.26,0,438.78,118.59,83.01
O00266,11-05-2025,C0129,P0548,Online,Online,2,209.52,0.05,398.09,186.82,24.45
O00267,06-06-2025,C0356,P1129,S029,In-Store,2,81.51,0.2,130.42,68.6,-6.78
O00268,03-02-2025,C0409,P0395,Online,Online,1,78.81,0.05,74.87,41.75,33.12
O00269,29-12-2025,C0734,P0575,S006,In-Store,3,101.87,0.1,275.05,80.73,32.86
O00270,26-05-2024,C0210,P0999,S028,In-Store,3,185.46,0.2,445.1,139.55,26.45
O00271,31-07-2024,C0278,P0652,S038,In-Store,1,171.03,0.2,136.82,96.8,40.02
O00272,30-10-2025,C0580,P0722,S040,In-Store,1,17.67,0,17.67,15.35,2.32
O00273,21-08-2025,C0034,P1047,Online,Online,1,126.31,0.2,101.05,79.41,21.64
O00274,11-07-2024,C0660,P1086,S001,In-Store,1,80.63,0,80.63,69.87,10.76
O00275,22-12-2024,C0330,P0879,S022,In-Store,1,168.21,0.05,159.8,148.84,10.96
O00276,28-05-2025,C0672,P0761,S049,In-Store,3,240.31,0.1,648.84,125.81,271.41
O00277,24-10-2025,C0326,P0022,S013,In-Store,1,124.36,0.2,99.49,104,-4.51
O00278,04-05-2025,C0329,P0476,S024,In-Store,1,52.23,0.1,47.01,43.43,3.58
O00279,16-02-2025,C0539,P0445,Online,Online,2,35.94,0.1,64.69,22.48,19.73
O00280,07-11-2025,C0687,P0153,S041,In-Store,2,56.67,0.2,90.67,28.68,33.31
O00281,22-01-2025,C0445,P0650,S012,In-Store,1,190.7,0.05,181.16,146.68,34.48
O00282,21-03-2025,C0505,P1021,Online,Online,1,176.65,0.1,158.99,110.79,48.2
O00283,20-05-2024,C0127,P0927,Online,Online,2,33.5,0.1,60.3,21.59,17.12
O00284,14-08-2024,C0242,P1180,Online,Online,3,89.37,0,268.11,47.06,126.93
O00285,03-09-2024,C0589,P0009,S018,In-Store,1,250.87,0.05,238.33,173.96,64.37
O00286,18-10-2024,C0412,P0075,S058,In-Store,1,199.17,0,199.17,145.35,53.82
O00287,03-10-2024,C0016,P0142,S053,In-Store,2,132.42,0.2,211.87,96.4,19.07
O00288,03-01-2025,C0281,P0649,S025,In-Store,1,266.25,0,266.25,181.85,84.4
O00289,29-10-2024,C0320,P1011,S025,In-Store,1,88.39,0.1,79.55,77.97,1.58
O00290,04-03-2025,C0465,P1010,S058,In-Store,1,228.83,0,228.83,166.74,62.09
O00291,30-04-2025,C0632,P0210,Online,Online,1,193.02,0,193.02,100.6,92.42
O00292,22-12-2025,C0142,P0215,S055,In-Store,1,203.42,0.2,162.74,147.27,15.47
O00293,10-12-2024,C0090,P0391,S051,In-Store,1,234.22,0.1,210.8,138.13,72.67
O00294,04-06-2024,C0550,P0010,S055,In-Store,2,99.46,0,198.92,77.19,44.54
O00295,24-09-2024,C0797,P0088,Online,Online,3,361.93,0.1,977.21,190.26,406.43
O00296,16-03-2025,C0337,P0777,Online,Online,2,145.77,0.05,276.96,96.59,83.78
O00297,05-10-2024,C0597,P0943,Online,Online,1,181.12,0.1,163.01,104.17,58.84
O00298,19-07-2025,C0771,P1196,S057,In-Store,1,103.64,0.2,82.91,61.87,21.04
O00299,17-07-2024,C0684,P0250,S015,In-Store,1,294.26,0.2,235.41,182.26,53.15
O00300,18-08-2025,C0287,P0659,S030,In-Store,2,218.6,0.05,415.34,173.17,69
O00301,05-10-2025,C0784,P0606,S022,In-Store,2,6.77,0.05,12.86,5.74,1.38
O00302,05-04-2025,C0752,P0421,S004,In-Store,1,322.09,0.2,257.67,189.31,68.36
O00303,12-08-2024,C0013,P0442,S024,In-Store,2,206.69,0.05,392.71,149.23,94.25
O00304,23-02-2025,C0348,P0427,S048,In-Store,2,219.82,0.1,395.68,163.97,67.74
O00305,01-09-2024,C0319,P0929,S054,In-Store,3,34.13,0,102.39,18.97,45.48
O00306,09-06-2024,C0224,P0744,S028,In-Store,2,190.33,0.05,361.63,109.86,141.91
O00307,14-12-2024,C0192,P0140,Online,Online,2,187.12,0.05,355.53,111.19,133.15
O00308,03-04-2025,C0591,P0209,Online,Online,2,25.81,0,51.62,16.86,17.9
O00309,05-12-2024,C0246,P0033,S011,In-Store,3,288.63,0.1,779.3,158,305.3
O00310,25-02-2025,C0677,P1087,S016,In-Store,2,36.72,0,73.44,18.53,36.38
O00311,28-01-2025,C0086,P0725,S009,In-Store,1,240.4,0.2,192.32,149.77,42.55
O00312,23-03-2025,C0520,P0683,Online,Online,3,27.06,0.1,73.06,14.77,28.75
O00313,09-03-2025,C0050,P0783,S027,In-Store,2,59.11,0.05,112.31,41.45,29.41
O00314,16-04-2024,C0412,P0361,S033,In-Store,1,214,0.2,171.2,135.62,35.58
O00315,16-07-2024,C0111,P0102,S007,In-Store,1,221.14,0.05,210.08,153.44,56.64
O00316,16-04-2024,C0036,P1178,Online,Online,2,63.25,0,126.5,33.85,58.8
O00317,30-03-2025,C0282,P0463,S044,In-Store,2,192.98,0.2,308.77,114.83,79.11
O00318,06-04-2025,C0103,P0450,S056,In-Store,2,225.1,0.1,405.18,145.58,114.02
O00319,10-07-2024,C0175,P0416,S018,In-Store,2,166.68,0.1,300.02,149.54,0.94
O00320,02-05-2024,C0096,P0379,Online,In-Store,3,186.5,0.2,447.6,93.72,166.44
O00321,14-08-2025,C0704,P0488,Online,Online,3,197.17,0,591.51,110.7,259.41
O00322,14-06-2025,C0340,P0932,Online,Online,2,249.21,0,498.42,125.16,248.1
O00323,27-09-2024,C0438,P0684,Online,Online,2,222.84,0.1,401.11,161.31,78.49
O00324,25-01-2025,C0174,P0019,S030,In-Store,1,175.44,0,175.44,121.3,54.14
O00325,27-01-2025,C0253,P0967,Online,Online,2,177.85,0,355.7,94.1,167.5
O00326,02-09-2024,C0297,P0467,S010,In-Store,3,102.73,0.05,292.78,72.92,74.02
O00327,04-08-2025,C0102,P0623,S021,In-Store,1,122.49,0.2,97.99,79.69,18.3
O00328,17-03-2025,C0359,P1117,Online,Online,1,233.4,0.2,186.72,142.81,43.91
O00329,02-11-2024,C0469,P0027,S019,In-Store,1,236.79,0.1,213.11,189.64,23.47
O00330,05-03-2025,C0793,P0684,S017,In-Store,1,222.84,0,222.84,161.31,61.53
O00331,24-06-2025,C0420,P0451,S009,In-Store,1,34.75,0.1,31.28,31.42,-0.14
O00332,22-05-2025,C0250,P1182,S027,In-Store,1,275.08,0.1,247.57,167.92,79.65
O00333,12-12-2024,C0091,P0396,S024,In-Store,1,242.65,0,242.65,124.91,117.74
O00334,19-09-2025,C0641,P1115,S028,In-Store,2,265.8,0.05,505.02,159.26,186.5
O00335,08-12-2024,C0695,P0714,S025,In-Store,2,219.22,0.2,350.75,133.22,84.31
O00336,09-03-2025,C0282,P0633,Online,Online,1,13.12,0.1,11.81,11.45,0.36
O00337,24-06-2024,C0125,P0887,S036,In-Store,3,92.06,0.1,248.56,74.33,25.57
O00338,14-11-2025,C0008,P1021,S009,In-Store,2,176.65,0.2,282.64,110.79,61.06
O00339,29-08-2025,C0535,P0593,Online,In-Store,3,71.58,0.05,204,37.74,90.78
O00340,02-01-2025,C0295,P0132,S000,In-Store,1,63.3,0.2,50.64,34.59,16.05
O00341,31-12-2025,C0289,P0770,Online,Online,2,221.83,0.2,354.93,110.98,132.97
O00342,24-08-2025,C0440,P0721,S000,In-Store,1,255.39,0,255.39,162.62,92.77
O00343,27-08-2024,C0358,P0580,S032,In-Store,2,220.06,0.05,418.11,120.54,177.03
O00344,28-03-2025,C0730,P0554,Online,Online,2,115.46,0.05,219.37,61.88,95.61
O00345,21-09-2024,C0082,P0595,Online,Online,2,277.06,0.2,443.3,158.47,126.36
O00346,09-07-2025,C0254,P0791,S057,In-Store,1,64.75,0,64.75,37.71,27.04
O00347,15-05-2025,C0309,P1016,S036,In-Store,1,321,0.2,256.8,186.81,69.99
O00348,06-09-2024,C0330,P1184,Online,Online,2,32.67,0.05,62.07,22.25,17.57
O00349,15-04-2025,C0426,P1135,Online,Online,1,65.37,0.1,58.83,47.87,10.96
O00350,07-10-2025,C0580,P0944,S024,In-Store,2,64.12,0.2,102.59,41.35,19.89
O00351,27-11-2024,C0539,P0905,S032,In-Store,1,138.07,0.1,124.26,108.67,15.59
O00352,17-12-2025,C0437,P0955,S026,In-Store,2,222.1,0.2,355.36,113.68,128
O00353,09-11-2024,C0572,P0054,S026,In-Store,1,315.6,0,315.6,178.49,137.11
O00354,21-12-2024,C0629,P0619,S037,In-Store,2,181.23,0.1,326.21,113.49,99.23
O00355,04-12-2025,C0556,P1158,S003,In-Store,2,275.48,0.2,440.77,175.62,89.53
O00356,15-12-2024,C0686,P0012,S048,In-Store,1,331.78,0.2,265.42,197.96,67.46
O00357,22-05-2025,C0086,P0112,Online,Online,2,314.05,0,628.1,170.67,286.76
O00358,06-10-2024,C0099,P0595,S044,In-Store,2,277.06,0.1,498.71,158.47,181.77
O00359,06-08-2024,C0124,P1197,S047,In-Store,1,252.57,0,252.57,154.11,98.46
O00360,21-01-2025,C0528,P0295,S031,In-Store,1,33.48,0.05,31.81,20.39,11.42
O00361,24-10-2024,C0691,P0316,S019,In-Store,1,150.05,0,150.05,95.84,54.21
O00362,13-01-2025,C0638,P0411,Online,Online,2,232.21,0,464.42,192.61,79.2
O00363,13-05-2024,C0123,P1064,Online,Online,1,41.74,0.05,39.65,30.85,8.8
O00364,04-08-2024,C0025,P1035,S003,In-Store,2,130.92,0,261.84,71.44,118.96
O00365,16-02-2025,C0495,P0376,S053,In-Store,1,79.72,0.1,71.75,56,15.75
O00366,10-01-2025,C0697,P0899,S039,In-Store,2,118.47,0,236.94,99.65,37.64
O00367,05-09-2025,C0651,P0044,Online,Online,1,22.6,0.05,21.47,14.78,6.69
O00368,02-07-2024,C0759,P1119,Online,Online,1,64.93,0.2,51.94,51.65,0.29
O00369,18-04-2025,C0683,P0204,S031,In-Store,2,200.67,0.1,361.21,110.34,140.53
O00370,04-12-2024,C0400,P0790,S006,In-Store,2,70.22,0.2,112.35,47.78,16.79
O00371,23-05-2025,C0435,P0303,Online,Online,2,214.71,0.2,343.54,190.15,-36.76
O00372,23-05-2024,C0398,P0022,S002,In-Store,2,124.36,0.2,198.98,104,-9.02
O00373,18-08-2024,C0363,P0285,S046,In-Store,1,86.63,0.2,69.3,74.63,-5.33
O00374,01-03-2025,C0162,P0732,S055,In-Store,2,186.46,0.05,354.27,95.93,162.41
O00375,14-11-2024,C0723,P1075,S004,In-Store,2,285.01,0.05,541.52,191.46,158.6
O00376,04-10-2025,C0360,P1153,S045,In-Store,1,152.8,0.05,145.16,103.2,41.96
O00377,18-06-2024,C0780,P0620,S004,In-Store,1,263.03,0.2,210.42,158.38,52.04
O00378,01-09-2024,C0483,P0369,S059,In-Store,1,314.41,0.1,282.97,197.87,85.1
O00379,20-03-2025,C0331,P0891,S022,In-Store,1,183.58,0.2,146.86,115.51,31.35
O00380,16-10-2025,C0030,P0325,Online,Online,2,22.19,0,44.38,19.23,5.92
O00381,16-02-2025,C0695,P0975,S014,In-Store,3,41.01,0.05,116.88,27.26,35.1
O00382,11-04-2025,C0178,P0786,S026,In-Store,3,21.67,0,65.01,13.41,24.78
O00383,24-10-2024,C0256,P0234,Online,Online,1,76.36,0,76.36,68.98,7.38
O00384,09-03-2025,C0383,P0060,S020,In-Store,2,146.26,0,292.52,118.59,55.34
O00385,09-10-2025,C0386,P0272,S036,In-Store,3,43.92,0.05,125.17,22.88,56.53
O00386,29-06-2025,C0502,P0896,S014,In-Store,2,165.91,0.05,315.23,107.19,100.85
O00387,26-04-2025,C0444,P1082,S012,In-Store,3,35.93,0,107.79,21.85,42.24
O00388,21-10-2024,C0644,P0197,Online,Online,4,180.86,0.05,687.27,139.6,128.87
O00389,15-05-2025,C0368,P0835,S055,In-Store,3,147.06,0,441.18,111.97,105.27
O00390,19-10-2024,C0698,P1081,S053,In-Store,2,26.3,0.05,49.97,16.09,17.79
O00391,16-06-2025,C0485,P1025,Online,In-Store,3,121.03,0.05,344.94,65.93,147.15
O00392,14-05-2024,C0449,P0875,S055,In-Store,2,129.03,0,258.06,69.4,119.26
O00393,10-11-2024,C0130,P1059,Online,Online,2,121.32,0,242.64,109.33,23.98
O00394,08-07-2024,C0052,P1107,S014,In-Store,1,333.55,0.1,300.2,181.41,118.79
O00395,20-03-2025,C0257,P0799,S004,In-Store,3,61.07,0.05,174.05,55.27,8.24
O00396,09-04-2025,C0076,P1094,S054,In-Store,1,137.56,0.1,123.8,79.96,43.84
O00397,07-09-2024,C0058,P1118,S007,In-Store,3,179.99,0.2,431.98,140.01,11.95
O00398,10-08-2025,C0269,P0061,Online,Online,2,147.64,0.2,236.22,76.11,84
O00399,15-07-2024,C0342,P0121,Online,Online,1,201.89,0.1,181.7,130.95,50.75
O00400,28-10-2025,C0679,P0127,Online,Online,2,89.43,0,178.86,62.77,53.32
O00401,14-07-2024,C0577,P0072,S004,In-Store,1,129.69,0.2,103.75,80.11,23.64
O00402,16-03-2025,C0627,P0165,S030,In-Store,2,46.91,0.05,89.13,24.44,40.25
O00403,12-11-2024,C0042,P0213,Online,Online,2,192.05,0.05,364.9,159.65,45.6
O00404,13-06-2025,C0441,P0978,S054,In-Store,1,219.94,0.05,208.94,174.42,34.52
O00405,22-08-2024,C0056,P0053,S051,In-Store,2,222.76,0.05,423.24,186.69,49.86
O00406,10-12-2025,C0388,P0037,S003,In-Store,3,63.29,0.2,151.9,42.09,25.63
O00407,12-10-2025,C0712,P0256,S027,In-Store,1,247.09,0.05,234.74,146.13,88.61
O00408,01-04-2025,C0120,P0753,S021,In-Store,1,263.55,0.2,210.84,137.07,73.77
O00409,21-07-2024,C0243,P0475,Online,Online,3,213.94,0,641.82,117.58,289.08
O00410,02-07-2024,C0765,P1098,S051,In-Store,3,91.83,0,275.49,63.28,85.65
O00411,28-02-2025,C0255,P0116,Online,Online,2,196.71,0.05,373.75,166.99,39.77
O00412,16-08-2025,C0289,P0089,S038,In-Store,3,229.1,0.05,652.93,150.01,202.9
O00413,04-06-2024,C0132,P0814,S007,In-Store,3,222.65,0,667.95,157.04,196.83
O00414,08-02-2025,C0556,P0421,S047,In-Store,1,322.09,0.1,289.88,189.31,100.57
O00415,25-02-2025,C0225,P0908,S017,In-Store,1,210.56,0.1,189.5,133.22,56.28
O00416,09-07-2025,C0299,P0500,S017,In-Store,3,222.98,0.1,602.05,118.48,246.61
O00417,21-01-2025,C0515,P0213,Online,Online,3,192.05,0.2,460.92,159.65,-18.03
O00418,09-09-2024,C0636,P0995,Online,Online,2,177.45,0.05,337.16,106.34,124.48
O00419,10-06-2024,C0533,P0472,S035,In-Store,1,267.62,0.05,254.24,160.56,93.68
O00420,02-06-2024,C0742,P0290,Online,Online,3,209.97,0.05,598.41,105.5,281.91
O00421,22-01-2025,C0665,P0929,Online,In-Store,1,34.13,0.2,27.3,18.97,8.33
O00422,30-03-2025,C0276,P0569,S019,In-Store,1,18.44,0,18.44,10.75,7.69
O00423,31-07-2024,C0624,P0786,S055,In-Store,2,21.67,0.2,34.67,13.41,7.85
O00424,29-04-2025,C0045,P0459,Online,Online,3,44.11,0.05,125.71,32.14,29.29
O00425,21-11-2025,C0545,P0107,S002,In-Store,2,193.34,0.1,348.01,154.55,38.91
O00426,25-01-2025,C0623,P0688,S058,In-Store,2,83.95,0.1,151.11,58.01,35.09
O00427,02-11-2024,C0605,P0443,S021,In-Store,2,283.37,0.2,453.39,188.88,75.63
O00428,15-03-2025,C0596,P0116,S035,In-Store,2,196.71,0.2,314.74,166.99,-19.24
O00429,28-12-2024,C0694,P0588,Online,In-Store,2,165.38,0.2,264.61,131.59,1.43
O00430,02-03-2025,C0736,P1163,S016,In-Store,1,151.89,0.05,144.3,94.31,49.99
O00431,27-05-2024,C0478,P0487,Online,Online,1,134.85,0,134.85,112.2,22.65
O00432,01-03-2025,C0698,P0561,Online,Online,2,182.85,0.05,347.42,137.05,73.32
O00433,09-07-2025,C0302,P0691,S002,In-Store,1,258.99,0.1,233.09,156.94,76.15
O00434,14-11-2024,C0675,P0513,S051,In-Store,2,27.18,0,54.36,18.81,16.74
O00435,17-08-2024,C0582,P0657,S054,In-Store,1,29.04,0.05,27.59,15.54,12.05
O00436,17-12-2025,C0017,P0900,Online,Online,3,18.92,0,56.76,14.57,13.05
O00437,02-01-2025,C0491,P1139,Online,Online,3,222.83,0,668.49,196.14,80.07
O00438,15-10-2025,C0081,P0566,S035,In-Store,1,10.71,0.1,9.64,9.25,0.39
O00439,19-09-2024,C0451,P0368,Online,Online,1,103.79,0.1,93.41,63.19,30.22
O00440,16-12-2025,C0506,P0260,Online,Online,1,116.29,0.05,110.48,104.16,6.32
O00441,06-11-2024,C0632,P0101,Online,Online,1,77.72,0,77.72,55.73,21.99
O00442,29-11-2024,C0518,P0901,S002,In-Store,2,257.18,0.05,488.64,132.87,222.9
O00443,21-01-2025,C0731,P0530,S001,In-Store,1,274.32,0.1,246.89,147.34,99.55
O00444,24-11-2025,C0045,P0480,S004,In-Store,1,218.71,0.2,174.97,140.22,34.75
O00445,25-12-2025,C0079,P0485,Online,Online,2,23.82,0.1,42.88,21.12,0.64
O00446,19-01-2025,C0697,P0851,Online,Online,2,70.32,0.2,112.51,37.63,37.25
O00447,17-06-2024,C0146,P0050,S050,In-Store,1,188.61,0.1,169.75,94.37,75.38
O00448,26-05-2024,C0417,P0767,S018,In-Store,2,316.79,0,633.58,169.15,295.28
O00449,09-06-2024,C0045,P0595,S058,In-Store,1,277.06,0,277.06,158.47,118.59
O00450,05-06-2024,C0216,P0641,S049,In-Store,2,240.92,0.1,433.66,123.63,186.4
O00451,17-04-2024,C0387,P1193,Online,Online,2,169.77,0.05,322.56,104.94,112.68
O00452,15-06-2025,C0664,P0160,S059,In-Store,1,141.43,0.05,134.36,92.08,42.28
O00453,10-05-2024,C0588,P1122,S034,In-Store,2,344.4,0,688.8,173.23,342.34
O00454,11-12-2024,C0540,P0105,S042,In-Store,1,49.07,0.2,39.26,43.88,-4.62
O00455,22-09-2024,C0199,P1178,Online,Online,1,63.25,0.05,60.09,33.85,26.24
O00456,14-05-2025,C0786,P0741,Online,Online,1,25.86,0.1,23.27,13.55,9.72
O00457,30-07-2025,C0118,P0493,S056,In-Store,1,178.11,0.2,142.49,108.79,33.7
O00458,18-11-2024,C0360,P1147,S058,In-Store,1,262.37,0.1,236.13,151.81,84.32
O00459,15-11-2025,C0619,P0471,S026,In-Store,1,157.43,0.05,149.56,112.62,36.94
O00460,31-03-2025,C0128,P1101,Online,Online,1,27.41,0.2,21.93,17.28,4.65
O00461,16-09-2024,C0681,P0282,S050,In-Store,1,147.51,0.1,132.76,116.28,16.48
O00462,21-08-2025,C0120,P0166,S032,In-Store,1,344.93,0.05,327.68,174.83,152.85
O00463,10-10-2025,C0647,P0405,S056,In-Store,1,226.02,0.2,180.82,114.67,66.15
O00464,25-11-2024,C0123,P0857,Online,Online,1,17.94,0.2,14.35,10.57,3.78
O00465,12-08-2025,C0129,P0069,S001,In-Store,2,189.89,0.05,360.79,130.09,100.61
O00466,26-08-2025,C0135,P1054,S058,In-Store,2,193.12,0.2,308.99,143.87,21.25
O00467,15-11-2025,C0362,P0261,S035,In-Store,1,128.2,0.05,121.79,71.64,50.15
O00468,21-12-2024,C0121,P0689,S057,In-Store,1,46.7,0.1,42.03,27.05,14.98
O00469,26-10-2025,C0631,P0220,S002,In-Store,1,172.92,0,172.92,122.08,50.84
O00470,11-05-2025,C0363,P0919,S040,In-Store,1,285.64,0.2,228.51,166.01,62.5
O00471,28-09-2025,C0446,P0592,S044,In-Store,1,57.43,0.05,54.56,32.43,22.13
O00472,24-03-2025,C0741,P0595,S059,In-Store,1,277.06,0,277.06,158.47,118.59
O00473,19-04-2024,C0007,P0111,S043,In-Store,1,184.61,0.2,147.69,108.89,38.8
O00474,05-04-2025,C0449,P0361,S037,In-Store,1,214,0.1,192.6,135.62,56.98
O00475,01-10-2024,C0099,P0475,Online,Online,2,213.94,0.1,385.09,117.58,149.93
O00476,24-02-2025,C0530,P1075,S054,In-Store,2,285.01,0.2,456.02,191.46,73.1
O00477,15-07-2024,C0393,P0652,S009,In-Store,1,171.03,0,171.03,96.8,74.23
O00478,16-04-2024,C0752,P0431,S017,In-Store,1,39.3,0.1,35.37,21.12,14.25
O00479,06-07-2024,C0291,P0339,Online,Online,1,283.83,0.1,255.45,195.14,60.31
O00480,16-02-2025,C0229,P0346,Online,Online,1,95.96,0.1,86.36,56.78,29.58
O00481,29-05-2024,C0771,P0217,S042,In-Store,1,197.95,0.1,178.16,167.2,10.96
O00482,16-10-2024,C0211,P1130,S048,In-Store,2,208.54,0.05,396.23,178.82,38.59
O00483,21-05-2024,C0040,P1105,S012,In-Store,1,14.96,0,14.96,12.19,2.77
O00484,30-07-2025,C0026,P0756,Online,Online,1,338.92,0.2,271.14,181.6,89.54
O00485,22-06-2025,C0533,P0258,S018,In-Store,2,52.4,0,104.8,30.15,44.5
O00486,07-12-2024,C0122,P0910,S031,In-Store,2,231.06,0.1,415.91,166.1,83.71
O00487,15-09-2025,C0140,P0570,S007,In-Store,4,245.4,0.1,883.44,182.12,154.96
O00488,24-11-2024,C0762,P0455,S020,In-Store,2,349.41,0.05,663.88,193.71,276.46
O00489,10-07-2024,C0282,P0928,S032,In-Store,1,175.55,0,175.55,114.06,61.49
O00490,21-01-2025,C0322,P0078,S059,In-Store,1,123.08,0.1,110.77,111.85,-1.08
O00491,12-02-2025,C0571,P0072,S040,In-Store,1,129.69,0,129.69,80.11,49.58
O00492,24-08-2025,C0600,P0770,S014,In-Store,1,221.83,0.05,210.74,110.98,99.76
O00493,16-07-2024,C0155,P0992,S046,In-Store,1,185.24,0.2,148.19,107.31,40.88
O00494,22-02-2025,C0203,P0181,S054,In-Store,20,323.27,0.05,6142.13,182.57,2490.73
O00495,09-02-2025,C0068,P1004,S013,In-Store,1,232.49,0.05,220.87,157.88,62.99
O00496,23-12-2024,C0704,P0538,S040,In-Store,1,164.74,0.05,156.5,149.45,7.05
O00497,22-07-2024,C0495,P1086,S011,In-Store,1,80.63,0.1,72.57,69.87,2.7
O00498,17-01-2025,C0299,P0993,S040,In-Store,3,170.79,0.2,409.9,99.31,111.97
O00499,26-07-2025,C0556,P0985,Online,Online,1,57.24,0.05,54.38,33.91,20.47
O00500,06-02-2025,C0773,P0588,S028,In-Store,3,165.38,0.1,446.53,131.59,51.76
O00501,11-04-2024,C0435,P0237,Online,Online,2,280.12,0.1,504.22,173.11,158
O00502,20-05-2024,C0355,P0815,S049,In-Store,2,186.83,0.2,298.93,105.96,87.01
O00503,11-02-2025,C0500,P0843,S001,In-Store,2,129.92,0.1,233.86,92.72,48.42
O00504,16-05-2025,C0220,P0837,Online,Online,2,231.93,0.1,417.47,171.59,74.29
O00505,02-07-2025,C0325,P0842,S028,In-Store,1,161.17,0.2,128.94,139.66,-10.72
O00506,16-12-2025,C0055,P0549,Online,In-Store,1,8.95,0.1,8.06,5.29,2.77
O00507,25-08-2025,C0046,P0631,S014,In-Store,2,30.95,0.05,58.8,17.8,23.2
O00508,13-06-2024,C0798,P0225,S039,In-Store,1,295.19,0.1,265.67,149.49,116.18
O00509,17-09-2025,C0552,P0040,S001,In-Store,1,57.53,0.2,46.02,37.43,8.59
O00510,18-05-2024,C0721,P0682,S049,In-Store,1,197.42,0,197.42,130.65,66.77
O00511,22-06-2024,C0531,P0431,S012,In-Store,3,39.3,0.05,112,21.12,48.64
O00512,08-05-2024,C0405,P0469,Online,Online,3,116.24,0.05,331.28,63.55,140.63
O00513,27-04-2024,C0339,P0846,Online,Online,1,257.54,0.05,244.66,178.48,66.18
O00514,30-09-2025,C0036,P0041,S033,In-Store,2,40.88,0,81.76,37.1,7.56
O00515,10-08-2024,C0698,P0993,Online,Online,1,170.79,0.1,153.71,99.31,54.4
O00516,28-02-2025,C0235,P0506,Online,Online,1,76.44,0,76.44,44.45,31.99
O00517,03-03-2025,C0386,P0820,Online,Online,1,310.73,0.1,279.66,193.38,86.28
O00518,27-11-2025,C0078,P0151,S045,In-Store,3,176.17,0.2,422.81,106.1,104.51
O00519,02-08-2025,C0760,P1109,S009,In-Store,1,200.18,0,200.18,121.02,79.16
O00520,21-06-2024,C0476,P0801,Online,Online,1,38.24,0.1,34.42,25.78,8.64
O00521,13-06-2025,C0435,P1049,S019,In-Store,1,115.48,0.1,103.93,61.25,42.68
O00522,22-04-2024,C0102,P0541,S036,In-Store,3,102.78,0.2,246.67,53.41,86.44
O00523,20-03-2025,C0439,P0190,Online,Online,3,232.24,0.2,557.38,136.2,148.78
O00524,29-05-2024,C0494,P0582,S034,In-Store,4,44.49,0.05,169.06,39.23,12.14
O00525,21-12-2025,C0508,P0806,S048,In-Store,1,38.24,0,38.24,24.55,13.69
O00526,26-09-2025,C0591,P0050,S014,In-Store,2,188.61,0.2,301.78,94.37,113.04
O00527,16-01-2025,C0576,P0223,S021,In-Store,1,69.61,0.05,66.13,40.18,25.95
O00528,25-08-2025,C0085,P0195,S013,In-Store,3,151.18,0.2,362.83,77.35,130.78
O00529,11-12-2025,C0085,P0289,S053,In-Store,1,17.32,0.2,13.86,13.54,0.32
O00530,22-02-2025,C0580,P0476,Online,Online,2,52.23,0.2,83.57,43.43,-3.29
O00531,20-06-2024,C0318,P0691,S002,In-Store,1,258.99,0.1,233.09,156.94,76.15
O00532,06-04-2025,C0613,P0832,S017,In-Store,1,149.77,0.05,142.28,102.98,39.3
O00533,15-04-2024,C0600,P1000,S020,In-Store,1,144.44,0.05,137.22,103.8,33.42
O00534,09-09-2025,C0725,P0989,S054,In-Store,1,220.95,0,220.95,186.64,34.31
O00535,26-12-2025,C0435,P0158,S048,In-Store,1,106.61,0,106.61,58.87,47.74
O00536,18-05-2024,C0766,P0248,Online,Online,1,107.2,0.2,85.76,93.12,-7.36
O00537,13-10-2024,C0116,P0079,S031,In-Store,2,260.43,0.05,494.82,158.22,178.38
O00538,01-02-2025,C0537,P0997,Online,Online,1,173.8,0.2,139.04,95.65,43.39
O00539,29-01-2025,C0303,P0240,S018,In-Store,2,85.49,0.1,153.88,52.45,48.98
O00540,31-08-2024,C0629,P0761,S010,In-Store,3,240.31,0.05,684.88,125.81,307.45
O00541,22-09-2024,C0701,P0418,S017,In-Store,1,101.5,0.1,91.35,55.18,36.17
O00542,30-03-2025,C0257,P0966,S059,In-Store,1,159.24,0.1,143.32,81.86,61.46
O00543,12-10-2024,C0737,P0277,Online,Online,10,239.39,0.2,1915.12,124.99,665.22
O00544,04-01-2025,C0426,P0367,Online,Online,3,201.12,0,603.36,158.65,127.41
O00545,11-06-2024,C0005,P0638,S012,In-Store,2,224.41,0,448.82,131.24,186.34
O00546,19-02-2025,C0338,P0193,Online,Online,1,62.96,0.2,50.37,32.26,18.11
O00547,14-06-2024,C0068,P0717,S056,In-Store,2,147.9,0.05,281.01,85.49,110.03
O00548,07-12-2024,C0014,P0394,Online,Online,1,219,0.2,175.2,165.56,9.64
O00549,28-02-2025,C0313,P0752,S025,In-Store,2,273.69,0.1,492.64,150.62,191.4
O00550,19-03-2025,C0656,P0414,Online,Online,2,162.49,0.05,308.73,105,98.73
O00551,20-02-2025,C0221,P0573,Online,Online,1,40.64,0,40.64,31.76,8.88
O00552,18-11-2024,C0534,P0082,S024,In-Store,1,177.36,0.1,159.62,136.2,23.42
O00553,10-11-2025,C0606,P0567,S047,In-Store,1,335.11,0.2,268.09,181.49,86.6
O00554,15-07-2025,C0002,P0474,Online,In-Store,2,140.16,0.05,266.3,80.82,104.66
O00555,08-08-2024,C0486,P0000,Online,In-Store,3,64.65,0,193.95,52.75,35.7
O00556,23-06-2025,C0450,P0871,S020,In-Store,1,10.05,0.1,9.05,8.78,0.27
O00557,11-06-2025,C0120,P0493,S024,In-Store,2,178.11,0.2,284.98,108.79,67.4
O00558,11-08-2025,C0363,P0638,S020,In-Store,1,224.41,0,224.41,131.24,93.17
O00559,23-08-2024,C0219,P0340,S053,In-Store,1,68.28,0.1,61.45,43.82,17.63
O00560,24-03-2025,C0447,P1147,S044,In-Store,1,262.37,0.1,236.13,151.81,84.32
O00561,22-07-2025,C0571,P0891,S011,In-Store,1,183.58,0,183.58,115.51,68.07
O00562,13-05-2025,C0477,P0708,S013,In-Store,1,157.48,0.05,149.61,124.12,25.49
O00563,21-01-2025,C0183,P0021,Online,Online,1,77.31,0.1,69.58,62.23,7.35
O00564,14-03-2025,C0005,P0410,S006,In-Store,2,244.31,0.1,439.76,174.55,90.66
O00565,06-04-2025,C0514,P0026,S002,In-Store,1,324.99,0.1,292.49,164.12,128.37
O00566,19-12-2025,C0407,P0089,S045,In-Store,1,229.1,0.1,206.19,150.01,56.18
O00567,08-05-2025,C0058,P1171,S055,In-Store,1,230.62,0.2,184.5,185.92,-1.42
O00568,27-10-2025,C0647,P0930,S030,In-Store,1,201.43,0,201.43,135.99,65.44
O00569,13-04-2024,C0029,P0313,S011,In-Store,2,258.17,0.05,490.52,161.71,167.1
O00570,20-02-2025,C0122,P0114,S045,In-Store,1,291.58,0,291.58,148.09,143.49
O00571,13-02-2025,C0557,P0568,S012,In-Store,1,216.22,0,216.22,188.74,27.48
O00572,13-02-2025,C0688,P0648,S010,In-Store,1,240.95,0.1,216.86,137.75,79.11
O00573,31-08-2025,C0680,P0825,S042,In-Store,3,138.88,0,416.64,97.93,122.85
O00574,06-06-2024,C0779,P1027,Online,Online,1,110.09,0.1,99.08,65.53,33.55
O00575,02-07-2024,C0454,P0091,Online,Online,2,27.29,0.05,51.85,20.11,11.63
O00576,15-09-2024,C0419,P0354,S053,In-Store,2,96.51,0,193.02,48.85,95.32
O00577,24-03-2025,C0574,P0718,Online,Online,1,73.4,0.2,58.72,44.17,14.55
O00578,23-03-2025,C0713,P0176,S029,In-Store,2,273.81,0,547.62,180.29,187.04
O00579,18-06-2024,C0092,P0373,S011,In-Store,2,124.26,0.1,223.67,105.48,12.71
O00580,23-07-2025,C0020,P0346,S013,In-Store,2,95.96,0.1,172.73,56.78,59.17
O00581,03-06-2025,C0741,P0505,S043,In-Store,5,231.34,0.05,1098.86,186.24,167.66
O00582,08-03-2025,C0755,P0271,S024,In-Store,1,26.58,0.1,23.92,21.36,2.56
O00583,02-05-2025,C0143,P1157,S014,In-Store,3,35.5,0.05,101.18,26.33,22.19
O00584,16-03-2025,C0204,P0362,S016,In-Store,1,149.41,0.2,119.53,85.59,33.94
O00585,28-10-2025,C0501,P0727,S022,In-Store,2,192.44,0.2,307.9,150.02,7.86
O00586,08-03-2025,C0703,P0349,Online,Online,1,134.4,0.2,107.52,91,16.52
O00587,09-04-2025,C0582,P0431,S027,In-Store,1,39.3,0.1,35.37,21.12,14.25
O00588,16-12-2024,C0698,P0591,Online,Online,1,236.24,0.1,212.62,122.47,90.15
O00589,29-03-2025,C0791,P0431,Online,Online,2,39.3,0.2,62.88,21.12,20.64
O00590,21-03-2025,C0118,P1058,S011,In-Store,1,219.39,0.2,175.51,138.39,37.12
O00591,02-06-2024,C0600,P0661,S024,In-Store,2,104.14,0,208.28,58.34,91.6
O00592,27-08-2024,C0107,P0734,S000,In-Store,1,33.37,0.05,31.7,19.21,12.49
O00593,03-02-2025,C0342,P0689,S006,In-Store,1,46.7,0.05,44.36,27.05,17.31
O00594,29-10-2024,C0313,P0333,S011,In-Store,1,18.57,0,18.57,9.52,9.05
O00595,16-01-2025,C0631,P0934,S044,In-Store,3,285.28,0.2,684.67,152.76,226.39
O00596,10-08-2025,C0484,P0498,Online,Online,1,35.81,0.1,32.23,19.73,12.5
O00597,24-05-2024,C0494,P0821,S059,In-Store,2,262.98,0.05,499.66,137.91,223.84
O00598,08-02-2025,C0519,P0220,S049,In-Store,1,172.92,0.1,155.63,122.08,33.55
O00599,11-04-2024,C0410,P0770,Online,Online,2,221.83,0.05,421.48,110.98,199.52
O00600,26-11-2024,C0611,P1073,Online,Online,2,14.14,0.05,26.87,7.31,12.25
O00601,01-10-2024,C0341,P0110,S019,In-Store,3,280.19,0.05,798.54,170.81,286.11
O00602,20-12-2025,C0469,P0810,Online,Online,1,235.44,0,235.44,143.76,91.68
O00603,10-06-2024,C0205,P0352,S005,In-Store,2,289.95,0.05,550.9,191.55,167.8
O00604,21-06-2024,C0208,P0894,Online,Online,2,243.1,0.05,461.89,156.3,149.29
O00605,20-09-2025,C0568,P0766,Online,Online,3,103.05,0.05,293.69,74.95,68.84
O00606,16-06-2024,C0482,P1126,S044,In-Store,1,29.09,0.05,27.64,25.36,2.28
O00607,27-11-2025,C0684,P0770,S045,In-Store,2,221.83,0.05,421.48,110.98,199.52
O00608,13-02-2025,C0098,P0793,Online,Online,1,273.34,0.05,259.67,166.17,93.5
O00609,30-07-2024,C0334,P0579,S046,In-Store,1,137.64,0.2,110.11,74.19,35.92
O00610,08-02-2025,C0546,P0146,Online,In-Store,2,297.56,0,595.12,199.4,196.32
O00611,01-09-2025,C0623,P0364,S023,In-Store,2,125.52,0.1,225.94,98.1,29.74
O00612,03-03-2025,C0001,P0815,S041,In-Store,1,186.83,0.05,177.49,105.96,71.53
O00613,15-06-2024,C0192,P0090,Online,Online,2,242.17,0.2,387.47,154.33,78.81
O00614,25-06-2024,C0393,P0368,S018,In-Store,3,103.79,0.1,280.23,63.19,90.66
O00615,14-08-2025,C0492,P0071,Online,Online,2,171.21,0.2,273.94,121.33,31.28
O00616,08-04-2025,C0407,P1059,S029,In-Store,2,121.32,0,242.64,109.33,23.98
O00617,25-04-2025,C0750,P0207,S025,In-Store,1,176.19,0,176.19,97.87,78.32
O00618,31-05-2024,C0131,P1176,S043,In-Store,1,50.72,0.2,40.58,43.16,-2.58
O00619,28-11-2024,C0669,P0822,S003,In-Store,2,79.83,0.1,143.69,55.27,33.15
O00620,22-04-2025,C0759,P0237,S051,In-Store,2,280.12,0.2,448.19,173.11,101.97
O00621,09-08-2024,C0799,P0969,S054,In-Store,3,171.98,0.1,464.35,90.71,192.22
O00622,20-09-2025,C0183,P0868,S024,In-Store,1,207.53,0,207.53,131.45,76.08
O00623,02-09-2024,C0345,P0047,Online,Online,1,141,0.2,112.8,86.75,26.05
O00624,09-12-2024,C0475,P0576,Online,Online,1,323.53,0.2,258.82,179.67,79.15
O00625,26-07-2024,C0051,P0756,Online,Online,1,338.92,0.1,305.03,181.6,123.43
O00626,21-12-2024,C0785,P0048,S011,In-Store,2,187.5,0.1,337.5,135.6,66.3
O00627,01-03-2025,C0017,P0914,S040,In-Store,1,254.74,0,254.74,196.96,57.78
O00628,29-09-2024,C0365,P0074,S025,In-Store,2,31.65,0.05,60.14,18.64,22.86
O00629,13-03-2025,C0547,P0193,Online,Online,1,62.96,0.05,59.81,32.26,27.55
O00630,26-03-2025,C0441,P0562,S029,In-Store,2,274.7,0.05,521.93,171.65,178.63
O00631,09-10-2025,C0750,P1072,S002,In-Store,1,200.65,0,200.65,138.28,62.37
O00632,08-06-2024,C0039,P0300,S046,In-Store,2,138.12,0,276.24,75.85,124.54
O00633,04-10-2025,C0742,P0161,S040,In-Store,1,351.88,0.1,316.69,186.91,129.78
O00634,06-03-2025,C0022,P0376,S016,In-Store,1,79.72,0,79.72,56,23.72
O00635,18-02-2025,C0443,P0238,S036,In-Store,1,30.72,0.1,27.65,27.46,0.19
O00636,01-03-2025,C0630,P1052,S050,In-Store,3,190.93,0.05,544.15,126.53,164.56
O00637,28-09-2025,C0050,P0766,S013,In-Store,2,103.05,0.2,164.88,74.95,14.98
O00638,03-01-2025,C0705,P0380,Online,Online,2,278.15,0,556.3,152.68,250.94
O00639,05-01-2025,C0185,P0583,Online,Online,3,13.6,0.2,32.64,8.89,5.97
O00640,26-08-2024,C0179,P0848,S017,In-Store,1,198.54,0.1,178.69,170.54,8.15
O00641,26-03-2025,C0572,P0651,Online,Online,3,315.36,0.05,898.78,169.86,389.2
O00642,04-03-2025,C0332,P0452,Online,Online,2,225.95,0.1,406.71,161.79,83.13
O00643,29-01-2025,C0623,P0943,S040,In-Store,1,181.12,0.1,163.01,104.17,58.84
O00644,08-09-2025,C0487,P1142,Online,Online,3,42.19,0.1,113.91,30.88,21.27
O00645,28-04-2024,C0455,P0310,S047,In-Store,1,152.81,0.2,122.25,112.25,10
O00646,19-06-2025,C0714,P0348,S016,In-Store,1,21.8,0.2,17.44,11.16,6.28
O00647,14-02-2025,C0585,P0160,S035,In-Store,1,141.43,0.1,127.29,92.08,35.21
O00648,16-12-2024,C0765,P1084,S018,In-Store,1,249.42,0.1,224.48,184.93,39.55
O00649,28-08-2024,C0478,P0060,Online,Online,1,146.26,0.05,138.95,118.59,20.36
O00650,03-05-2024,C0578,P0883,S048,In-Store,3,76.04,0,228.12,51.01,75.09
O00651,03-08-2024,C0290,P1139,S015,In-Store,1,222.83,0.2,178.26,196.14,-17.88
O00652,07-03-2025,C0134,P0775,S054,In-Store,2,22.99,0,45.98,12.88,20.22
O00653,07-09-2025,C0223,P0432,S036,In-Store,1,95.18,0.1,85.66,49.8,35.86
O00654,12-11-2024,C0162,P0821,S022,In-Store,1,262.98,0.05,249.83,137.91,111.92
O00655,23-02-2025,C0613,P0571,S023,In-Store,2,206.5,0,413,124.75,163.5
O00656,20-08-2025,C0703,P0650,S034,In-Store,1,190.7,0.2,152.56,146.68,5.88
O00657,04-05-2024,C0413,P1013,S018,In-Store,1,325.64,0.2,260.51,185.11,75.4
O00658,10-04-2025,C0181,P0819,Online,Online,1,85.93,0.1,77.34,71.29,6.05
O00659,23-11-2025,C0671,P0352,S006,In-Store,3,289.95,0.2,695.88,191.55,121.23
O00660,21-11-2024,C0428,P0856,S040,In-Store,2,72.18,0,144.36,53.24,37.88
O00661,31-10-2024,C0141,P1030,S038,In-Store,2,115.95,0.2,185.52,100.06,-14.6
O00662,05-01-2025,C0332,P0511,Online,Online,3,189.31,0.2,454.34,120.77,92.03
O00663,14-03-2025,C0379,P0046,S056,In-Store,1,53.96,0.2,43.17,28.38,14.79
O00664,25-07-2025,C0197,P0330,S046,In-Store,2,355.55,0.05,675.54,189.35,296.84
O00665,23-02-2025,C0729,P0409,S018,In-Store,2,263.72,0,527.44,161.91,203.62
O00666,09-09-2025,C0211,P1182,S015,In-Store,2,275.08,0.2,440.13,167.92,104.29
O00667,26-11-2025,C0515,P0362,S032,In-Store,3,149.41,0,448.23,85.59,191.46
O00668,22-05-2025,C0339,P0326,Online,Online,20,134.39,0,2687.8,95.57,776.4
O00669,07-03-2025,C0033,P0832,S030,In-Store,2,149.77,0.2,239.63,102.98,33.67
O00670,19-11-2025,C0427,P0532,Online,In-Store,1,49.14,0,49.14,28.29,20.85
O00671,28-04-2024,C0621,P1093,S028,In-Store,1,143.78,0.2,115.02,98.24,16.78
O00672,12-08-2024,C0061,P0599,S053,In-Store,1,131.38,0,131.38,67.15,64.23
O00673,27-03-2025,C0733,P1047,S028,In-Store,2,126.31,0.2,202.1,79.41,43.28
O00674,10-12-2024,C0106,P0298,S048,In-Store,1,24.97,0,24.97,13.26,11.71
O00675,17-12-2025,C0375,P0845,S009,In-Store,4,265.78,0.05,1009.96,195.98,226.04
O00676,18-05-2025,C0215,P0541,Online,Online,3,102.78,0,308.34,53.41,148.11
O00677,15-08-2024,C0726,P1006,S048,In-Store,2,262.46,0.1,472.43,194.07,84.29
O00678,04-08-2024,C0705,P0910,S028,In-Store,2,231.06,0.1,415.91,166.1,83.71
O00679,02-10-2025,C0608,P0073,S009,In-Store,1,10.3,0.1,9.27,5.33,3.94
O00680,27-09-2025,C0379,P1154,S018,In-Store,1,111.2,0.1,100.08,72.32,27.76
O00681,28-05-2024,C0162,P1162,S030,In-Store,2,199.19,0.2,318.7,117.85,83
O00682,03-12-2025,C0158,P0263,Online,Online,2,291.33,0.1,524.39,175.9,172.59
O00683,24-03-2025,C0263,P0466,Online,Online,1,135.41,0.05,128.64,99.14,29.5
O00684,03-10-2025,C0151,P1196,Online,Online,2,103.64,0.1,186.55,61.87,62.81
O00685,26-06-2024,C0763,P1058,S039,In-Store,1,219.39,0.05,208.42,138.39,70.03
O00686,29-12-2024,C0659,P0319,S032,In-Store,1,225.29,0.1,202.76,169.96,32.8
O00687,19-02-2025,C0387,P0993,S055,In-Store,1,170.79,0.2,136.63,99.31,37.32
O00688,22-08-2024,C0388,P0029,S004,In-Store,1,37.24,0.1,33.52,28.6,4.92
O00689,31-03-2025,C0211,P0459,Online,Online,3,44.11,0,132.33,32.14,35.91
O00690,04-03-2025,C0365,P1021,S058,In-Store,2,176.65,0,353.3,110.79,131.72
O00691,29-10-2024,C0596,P1073,S047,In-Store,1,14.14,0.05,13.43,7.31,6.12
O00692,28-11-2025,C0033,P0816,S017,In-Store,2,235.03,0.1,423.05,146.6,129.85
O00693,08-05-2024,C0277,P1133,Online,In-Store,1,53.96,0,53.96,44.43,9.53
O00694,19-02-2025,C0057,P0914,S015,In-Store,3,254.74,0.05,726.01,196.96,135.13
O00695,07-05-2024,C0757,P0374,S041,In-Store,1,190.53,0.05,181,98.1,82.9
O00696,20-12-2024,C0734,P0934,Online,Online,1,285.28,0.1,256.75,152.76,103.99
O00697,26-10-2025,C0093,P0389,S058,In-Store,3,277.24,0,831.72,154.95,366.87
O00698,04-05-2025,C0135,P1070,S013,In-Store,1,20.86,0.05,19.82,15.59,4.23
O00699,13-10-2025,C0779,P1190,S006,In-Store,1,305.51,0,305.51,181.82,123.69
O00700,26-09-2025,C0649,P0149,Online,Online,1,29.42,0,29.42,22.17,7.25
O00701,20-05-2024,C0487,P0404,Online,Online,3,233.86,0.05,666.5,170.62,154.64
O00702,28-06-2024,C0307,P1165,Online,Online,1,111.55,0.2,89.24,73.86,15.38
O00703,09-11-2024,C0114,P0906,S012,In-Store,1,269.33,0.2,215.46,150.49,64.97
O00704,20-11-2024,C0257,P0833,S031,In-Store,1,213.73,0.05,203.04,141.16,61.88
O00705,28-12-2024,C0494,P1053,Online,Online,2,94.13,0.1,169.43,74.28,20.87
O00706,21-12-2025,C0544,P0509,S043,In-Store,3,222.66,0.1,601.18,126.99,220.21
O00707,21-04-2025,C0114,P0373,S020,In-Store,1,124.26,0.2,99.41,105.48,-6.07
O00708,22-03-2025,C0183,P0134,S043,In-Store,1,249.13,0.1,224.22,182.16,42.06
O00709,12-09-2024,C0453,P0701,S034,In-Store,3,94.74,0.05,270.01,83.67,19
O00710,12-01-2025,C0111,P0474,Online,Online,1,140.16,0.1,126.14,80.82,45.32
O00711,08-05-2024,C0543,P0966,Online,Online,1,159.24,0.1,143.32,81.86,61.46
O00712,04-10-2024,C0215,P1169,S020,In-Store,2,50.9,0.05,96.71,33.85,29.01
O00713,12-10-2025,C0405,P0351,S039,In-Store,2,170.33,0.05,323.63,106.14,111.35
O00714,25-05-2024,C0528,P0970,S050,In-Store,1,144.34,0.2,115.47,87.38,28.09
O00715,05-05-2024,C0275,P0468,S030,In-Store,2,146.22,0.1,263.2,97.85,67.5
O00716,01-05-2024,C0313,P0683,S053,In-Store,1,27.06,0.1,24.35,14.77,9.58
O00717,05-05-2025,C0435,P1153,S026,In-Store,1,152.8,0,152.8,103.2,49.6
O00718,10-08-2024,C0413,P0113,S022,In-Store,2,238,0.05,452.2,128.94,194.32
O00719,03-08-2025,C0785,P0561,Online,Online,1,182.85,0.05,173.71,137.05,36.66
O00720,31-10-2025,C0733,P0524,Online,Online,2,301.16,0.1,542.09,153.73,234.63
O00721,14-06-2024,C0437,P0783,S035,In-Store,2,59.11,0.05,112.31,41.45,29.41
O00722,16-02-2025,C0632,P1030,S017,In-Store,1,115.95,0,115.95,100.06,15.89
O00723,08-10-2025,C0164,P0666,S017,In-Store,2,78.53,0.2,125.65,65.86,-6.07
O00724,26-07-2024,C0047,P0798,S058,In-Store,1,97.75,0.2,78.2,54.63,23.57
O00725,18-07-2025,C0621,P0410,S006,In-Store,1,244.31,0,244.31,174.55,69.76
O00726,20-06-2024,C0282,P1101,S059,In-Store,2,27.41,0.1,49.34,17.28,14.78
O00727,06-08-2025,C0137,P0151,S049,In-Store,2,176.17,0.2,281.87,106.1,69.67
O00728,10-10-2024,C0154,P0595,Online,Online,1,277.06,0.05,263.21,158.47,104.74
O00729,11-11-2025,C0448,P0502,S034,In-Store,2,256.28,0.1,461.3,165.85,129.6
O00730,27-06-2025,C0298,P0044,Online,Online,2,22.6,0,45.2,14.78,15.64
O00731,12-04-2025,C0716,P0642,S023,In-Store,1,258.83,0.2,207.06,171.06,36
O00732,21-08-2024,C0219,P0377,S014,In-Store,3,119.09,0.2,285.82,95.75,-1.43
O00733,07-06-2024,C0203,P0530,Online,Online,1,274.32,0,274.32,147.34,126.98
O00734,05-09-2024,C0657,P0841,S051,In-Store,2,101.01,0.2,161.62,53.94,53.74
O00735,03-06-2024,C0541,P0123,S032,In-Store,3,159.16,0.1,429.73,112.93,90.94
O00736,17-01-2025,C0447,P0065,S055,In-Store,1,103.15,0.1,92.84,57.03,35.81
O00737,04-06-2025,C0503,P0578,S040,In-Store,1,178.32,0,178.32,133.09,45.23
O00738,09-11-2025,C0578,P0188,S049,In-Store,1,302.59,0,302.59,172.73,129.86
O00739,01-07-2025,C0525,P0179,S029,In-Store,1,82.77,0.05,78.63,51.26,27.37
O00740,17-06-2025,C0785,P0882,S029,In-Store,3,165.62,0.2,397.49,129.51,8.96
O00741,05-06-2025,C0756,P0311,S004,In-Store,1,248.9,0.05,236.46,159.77,76.69
O00742,16-06-2024,C0347,P0929,S044,In-Store,1,34.13,0.2,27.3,18.97,8.33
O00743,07-03-2025,C0411,P1177,Online,Online,2,59.49,0.2,95.18,42.92,9.34
O00744,06-02-2025,C0230,P0660,S016,In-Store,1,161.23,0.05,153.17,128.05,25.12
O00745,08-02-2025,C0786,P0668,S041,In-Store,1,153.87,0.05,146.18,89.56,56.62
O00746,14-08-2025,C0588,P0726,S045,In-Store,2,268.98,0.05,511.06,185.66,139.74
O00747,22-03-2025,C0151,P0422,S006,In-Store,1,221.49,0,221.49,169.3,52.19
O00748,30-12-2024,C0040,P0260,S004,In-Store,1,116.29,0.1,104.66,104.16,0.5
O00749,03-08-2024,C0235,P0427,Online,Online,1,219.82,0.05,208.83,163.97,44.86
O00750,05-02-2025,C0277,P0477,S013,In-Store,1,202.25,0.1,182.02,124.21,57.81
O00751,04-04-2025,C0450,P0252,S024,In-Store,2,231.15,0,462.3,196.57,69.16
O00752,18-10-2025,C0761,P0427,S028,In-Store,3,219.82,0.2,527.57,163.97,35.66
O00753,15-10-2025,C0210,P0779,S007,In-Store,2,113.02,0,226.04,78.45,69.14
O00754,01-10-2025,C0518,P1184,S007,In-Store,2,32.67,0.05,62.07,22.25,17.57
O00755,07-02-2025,C0123,P1001,S022,In-Store,2,125.39,0.1,225.7,71.57,82.56
O00756,25-09-2025,C0215,P0185,S023,In-Store,1,189.67,0.2,151.74,150.76,0.98
O00757,25-06-2025,C0114,P0935,Online,Online,3,367.55,0.2,882.12,190.04,312
O00758,06-07-2024,C0409,P0204,S017,In-Store,2,200.67,0.1,361.21,110.34,140.53
O00759,31-08-2025,C0444,P0615,Online,Online,3,92.09,0,276.27,63.28,86.43
O00760,06-05-2024,C0399,P0965,Online,Online,1,264.41,0.1,237.97,178.08,59.89
O00761,12-05-2024,C0331,P0092,Online,Online,3,210.05,0.05,598.64,179.14,61.22
O00762,23-08-2025,C0009,P0262,S008,In-Store,2,48.1,0.2,76.96,35.21,6.54
O00763,18-03-2025,C0062,P0498,S055,In-Store,2,35.81,0.1,64.46,19.73,25
O00764,23-09-2024,C0424,P0322,S011,In-Store,2,40.71,0.05,77.35,20.84,35.67
O00765,13-05-2024,C0684,P0371,S059,In-Store,1,229.56,0,229.56,131.42,98.14
O00766,26-03-2025,C0030,P1018,Online,Online,3,167.01,0.2,400.82,129.58,12.08
O00767,22-04-2025,C0271,P0657,Online,Online,2,29.04,0,58.08,15.54,27
O00768,11-09-2024,C0481,P0070,S009,In-Store,1,235,0.2,188,176.02,11.98
O00769,27-10-2024,C0386,P1075,Online,Online,1,285.01,0,285.01,191.46,93.55
O00770,14-06-2024,C0228,P0188,S004,In-Store,1,302.59,0,302.59,172.73,129.86
O00771,15-02-2025,C0475,P0850,S034,In-Store,2,321.09,0.2,513.74,178.1,157.54
O00772,12-03-2025,C0617,P0001,S030,In-Store,1,13.26,0.1,11.93,11.2,0.73
O00773,17-11-2025,C0672,P1105,S039,In-Store,3,14.96,0,44.88,12.19,8.31
O00774,16-02-2025,C0766,P1169,Online,Online,1,50.9,0.05,48.36,33.85,14.51
O00775,08-10-2025,C0146,P0461,S047,In-Store,2,201.11,0,402.22,111.01,180.2
O00776,04-09-2025,C0289,P0215,Online,Online,1,203.42,0.1,183.08,147.27,35.81
O00777,21-03-2025,C0675,P0616,S029,In-Store,2,285.94,0.1,514.69,190.1,134.49
O00778,31-01-2025,C0134,P0671,S042,In-Store,1,50.49,0.05,47.97,29.02,18.95
O00779,16-10-2024,C0035,P0788,S050,In-Store,2,154.9,0.05,294.31,105.74,82.83
O00780,20-03-2025,C0014,P0292,S053,In-Store,1,106.04,0.05,100.74,58.28,42.46
O00781,15-10-2024,C0330,P0023,S030,In-Store,3,97.03,0.1,261.98,77.91,28.25
O00782,07-01-2025,C0591,P0830,S013,In-Store,3,200.01,0.2,480.02,100.71,177.89
O00783,11-11-2025,C0558,P0900,Online,Online,2,18.92,0.1,34.06,14.57,4.92
O00784,04-04-2025,C0526,P0690,S057,In-Store,1,140.54,0.05,133.51,86.13,47.38
O00785,29-03-2025,C0499,P1124,S006,In-Store,2,67.07,0.1,120.73,39.38,41.97
O00786,09-04-2025,C0269,P0129,S027,In-Store,1,27.78,0,27.78,25,2.78
O00787,25-02-2025,C0129,P0193,Online,Online,2,62.96,0.2,100.74,32.26,36.22
O00788,11-07-2024,C0123,P1127,S008,In-Store,3,119.95,0.1,323.86,99.59,25.09
O00789,28-01-2025,C0446,P1133,S005,In-Store,3,53.96,0.05,153.79,44.43,20.5
O00790,20-01-2025,C0523,P0399,Online,Online,1,64.47,0.05,61.25,32.33,28.92
O00791,27-10-2025,C0203,P0724,S049,In-Store,2,171.56,0.05,325.96,151.95,22.06
O00792,13-10-2024,C0543,P1075,Online,Online,1,285.01,0.1,256.51,191.46,65.05
O00793,26-03-2025,C0710,P1087,Online,Online,2,36.72,0.05,69.77,18.53,32.71
O00794,07-10-2024,C0169,P0463,S048,In-Store,2,192.98,0.05,366.66,114.83,137
O00795,12-07-2024,C0624,P0868,S017,In-Store,1,207.53,0,207.53,131.45,76.08
O00796,30-12-2024,C0410,P0607,S033,In-Store,1,12.56,0.2,10.05,10.02,0.03
O00797,27-03-2025,C0479,P0659,Online,Online,10,218.6,0.1,1967.4,173.17,235.7
O00798,08-05-2025,C0257,P1138,S013,In-Store,1,111.59,0,111.59,68.82,42.77
O00799,01-11-2024,C0420,P0287,Online,Online,1,300.41,0.05,285.39,196.26,89.13
O00800,29-10-2025,C0248,P0801,S041,In-Store,2,38.24,0.2,61.18,25.78,9.62
O00801,04-10-2024,C0198,P0509,S004,In-Store,2,222.66,0.05,423.05,126.99,169.07
O00802,18-09-2025,C0282,P0287,S007,In-Store,1,300.41,0.05,285.39,196.26,89.13
O00803,18-06-2024,C0145,P0564,S000,In-Store,1,331.22,0,331.22,166.92,164.3
O00804,22-05-2024,C0536,P0210,S038,In-Store,3,193.02,0.2,463.25,100.6,161.45
O00805,17-12-2024,C0448,P0611,S034,In-Store,3,121.34,0.2,291.22,90.75,18.97
O00806,28-04-2025,C0772,P0699,S017,In-Store,1,30.55,0,30.55,20.37,10.18
O00807,06-10-2024,C0261,P0231,S027,In-Store,1,103.03,0.05,97.88,60.23,37.65
O00808,12-02-2025,C0708,P0997,S014,In-Store,2,173.8,0,347.6,95.65,156.3
O00809,06-01-2025,C0749,P0742,Online,Online,1,237.5,0.2,190,189.9,0.1
O00810,26-01-2025,C0442,P0863,Online,Online,1,109.7,0,109.7,72.06,37.64
O00811,16-05-2025,C0286,P0564,S040,In-Store,2,331.22,0.1,596.2,166.92,262.36
O00812,02-06-2025,C0257,P0730,Online,Online,1,179.11,0,179.11,148.34,30.77
O00813,12-07-2025,C0497,P0497,S014,In-Store,3,54.61,0.2,131.06,32.72,32.9
O00814,26-07-2024,C0106,P0999,S053,In-Store,2,185.46,0.2,296.74,139.55,17.64
O00815,25-08-2024,C0683,P0783,Online,Online,1,59.11,0,59.11,41.45,17.66
O00816,27-06-2024,C0059,P0201,S007,In-Store,1,63.7,0.05,60.52,52.5,8.02
O00817,09-12-2025,C0688,P0863,S045,In-Store,1,109.7,0,109.7,72.06,37.64
O00818,24-08-2025,C0373,P0901,S036,In-Store,1,257.18,0,257.18,132.87,124.31
O00819,04-05-2024,C0643,P0884,S001,In-Store,3,173.32,0.05,493.96,119.02,136.9
O00820,19-05-2024,C0024,P0673,Online,Online,2,17.35,0.2,27.76,14.41,-1.06
O00821,28-12-2024,C0746,P0935,S016,In-Store,2,367.55,0.1,661.59,190.04,281.51
O00822,16-09-2024,C0352,P0721,S015,In-Store,2,255.39,0.1,459.7,162.62,134.46
O00823,16-10-2024,C0048,P0664,S040,In-Store,1,191.74,0.1,172.57,109.09,63.48
O00824,27-07-2025,C0164,P0428,S055,In-Store,2,290.61,0.1,523.1,192.06,138.98
O00825,22-07-2025,C0771,P0713,S011,In-Store,1,175.75,0.2,140.6,139.9,0.7
O00826,18-03-2025,C0341,P0720,S047,In-Store,2,246.29,0.05,467.95,153.35,161.25
O00827,03-06-2024,C0313,P0207,S005,In-Store,1,176.19,0.2,140.95,97.87,43.08
O00828,06-06-2025,C0509,P0381,S012,In-Store,1,169.3,0.1,152.37,107.47,44.9
O00829,06-09-2024,C0497,P0718,S028,In-Store,1,73.4,0.1,66.06,44.17,21.89
O00830,04-07-2025,C0172,P0661,Online,Online,2,104.14,0.05,197.87,58.34,81.19
O00831,02-09-2024,C0518,P1147,Online,Online,2,262.37,0.05,498.5,151.81,194.88
O00832,02-01-2025,C0712,P0155,Online,Online,1,114.52,0,114.52,94.98,19.54
O00833,19-01-2025,C0679,P0828,S009,In-Store,1,33.22,0.1,29.9,28.38,1.52
O00834,09-08-2024,C0406,P0272,S006,In-Store,1,43.92,0.1,39.53,22.88,16.65
O00835,03-09-2024,C0084,P0663,S028,In-Store,1,164.71,0,164.71,83.66,81.05
O00836,27-02-2025,C0158,P0560,Online,Online,2,59.02,0.05,112.14,33.92,44.3
O00837,22-09-2024,C0224,P0502,S028,In-Store,1,256.28,0.05,243.47,165.85,77.62
O00838,11-04-2025,C0303,P0499,S054,In-Store,1,265.43,0.2,212.34,140.47,71.87
O00839,27-10-2024,C0424,P1139,S036,In-Store,1,222.83,0.05,211.69,196.14,15.55
O00840,08-06-2025,C0531,P1189,S036,In-Store,1,252.18,0.2,201.74,132.49,69.25
O00841,13-06-2024,C0723,P0745,S016,In-Store,1,16.81,0.2,13.45,9.63,3.82
O00842,03-04-2025,C0240,P0655,S004,In-Store,1,25.85,0.05,24.56,15.47,9.09
O00843,02-10-2024,C0719,P0505,S037,In-Store,2,231.34,0.05,439.55,186.24,67.07
O00844,28-07-2024,C0797,P1039,S034,In-Store,3,171.77,0.1,463.78,101.39,159.61
O00845,13-12-2024,C0618,P0466,S045,In-Store,2,135.41,0.05,257.28,99.14,59
O00846,28-11-2025,C0588,P0108,S028,In-Store,1,29.29,0.2,23.43,26.08,-2.65
O00847,06-06-2025,C0066,P0350,Online,Online,2,169.74,0.2,271.58,102.85,65.88
O00848,28-11-2024,C0058,P0711,S045,In-Store,1,261.54,0.05,248.46,133.4,115.06
O00849,11-07-2024,C0362,P0133,S017,In-Store,1,50.24,0.1,45.22,28.1,17.12
O00850,16-03-2025,C0745,P0056,Online,In-Store,1,103.48,0.2,82.78,53.97,28.81
O00851,09-01-2025,C0136,P0811,Online,Online,1,13.23,0.2,10.58,7.09,3.49
O00852,15-02-2025,C0713,P0623,S036,In-Store,1,122.49,0.2,97.99,79.69,18.3
O00853,16-07-2025,C0552,P0199,S000,In-Store,2,115.92,0,231.84,58.8,114.24
O00854,18-02-2025,C0366,P1124,Online,Online,1,67.07,0,67.07,39.38,27.69
O00855,16-02-2025,C0542,P0847,S046,In-Store,1,292.23,0.05,277.62,174.31,103.31
O00856,27-01-2025,C0615,P0367,S001,In-Store,1,201.12,0.2,160.9,158.65,2.25
O00857,11-05-2025,C0339,P0182,Online,Online,2,60.65,0.2,97.04,47.71,1.62
O00858,11-10-2024,C0701,P0793,S024,In-Store,1,273.34,0.2,218.67,166.17,52.5
O00859,13-09-2024,C0351,P0374,Online,Online,2,190.53,0.1,342.95,98.1,146.75
O00860,06-09-2025,C0440,P0516,S011,In-Store,1,242.91,0.1,218.62,145.87,72.75
O00861,12-07-2025,C0232,P0719,S040,In-Store,1,330.88,0,330.88,196.36,134.52
O00862,03-03-2025,C0769,P0192,S001,In-Store,1,195.65,0,195.65,128.9,66.75
O00863,19-01-2025,C0060,P0764,Online,Online,1,241.25,0,241.25,143.88,97.37
O00864,28-11-2024,C0541,P0025,Online,Online,2,83.7,0.2,133.92,51.97,29.98
O00865,29-05-2025,C0581,P1153,S004,In-Store,2,152.8,0.05,290.32,103.2,83.92
O00866,17-04-2024,C0635,P1020,Online,Online,2,45.93,0.05,87.27,34.12,19.03
O00867,18-02-2025,C0099,P0316,S036,In-Store,2,150.05,0.05,285.1,95.84,93.42
O00868,13-01-2025,C0723,P0363,S052,In-Store,1,382.32,0.2,305.86,193.08,112.78
O00869,27-01-2025,C0039,P1100,S050,In-Store,1,74.54,0,74.54,42.65,31.89
O00870,15-08-2025,C0319,P0596,Online,Online,1,291.59,0.05,277.01,147.85,129.16
O00871,23-10-2025,C0171,P0204,S038,In-Store,3,200.67,0.05,571.91,110.34,240.89
O00872,23-11-2024,C0345,P0931,S035,In-Store,1,121.97,0.2,97.58,72.18,25.4
O00873,26-05-2024,C0119,P1135,Online,Online,2,65.37,0.05,124.2,47.87,28.46
O00874,11-01-2025,C0245,P1005,Online,Online,2,126.49,0.2,202.38,113.26,-24.14
O00875,17-08-2024,C0060,P0983,S058,In-Store,3,149.62,0,448.86,91.17,175.35
O00876,30-04-2024,C0093,P0656,S036,In-Store,1,192.95,0.2,154.36,102.59,51.77
O00877,05-06-2025,C0658,P0411,Online,Online,2,232.21,0.05,441.2,192.61,55.98
O00878,20-09-2025,C0202,P0599,S027,In-Store,4,131.38,0.2,420.42,67.15,151.82
O00879,14-04-2025,C0084,P1004,Online,Online,1,232.49,0,232.49,157.88,74.61
O00880,15-11-2024,C0495,P0796,S050,In-Store,1,87.96,0.1,79.16,77.22,1.94
O00881,31-03-2025,C0715,P0112,S002,In-Store,1,314.05,0.05,298.35,170.67,127.68
O00882,01-09-2025,C0314,P1124,Online,In-Store,2,67.07,0.05,127.43,39.38,48.67
O00883,10-09-2025,C0756,P0098,S003,In-Store,1,120.73,0.1,108.66,70.55,38.11
O00884,21-10-2024,C0360,P1101,Online,Online,1,27.41,0.2,21.93,17.28,4.65
O00885,03-10-2024,C0536,P0365,S043,In-Store,2,251.05,0,502.1,130.95,240.2
O00886,15-04-2025,C0101,P0936,S057,In-Store,2,168.37,0.05,319.9,140.29,39.32
O00887,30-08-2025,C0074,P0416,S036,In-Store,2,166.68,0,333.36,149.54,34.28
O00888,05-11-2024,C0390,P0421,S007,In-Store,20,322.09,0.1,5797.62,189.31,2011.42
O00889,01-11-2025,C0246,P0677,S024,In-Store,3,244.62,0.05,697.17,158.03,223.08
O00890,12-04-2025,C0411,P0091,Online,Online,1,27.29,0.05,25.93,20.11,5.82
O00891,10-12-2024,C0264,P0865,S045,In-Store,1,142.08,0.1,127.87,111.9,15.97
O00892,30-01-2025,C0669,P0558,S000,In-Store,1,178.04,0.2,142.43,95.35,47.08
O00893,09-02-2025,C0386,P0569,S012,In-Store,2,18.44,0.2,29.5,10.75,8
O00894,01-01-2025,C0010,P0809,Online,Online,2,127.42,0.2,203.87,77.31,49.25
O00895,12-09-2025,C0706,P0456,Online,Online,2,238.72,0,477.44,164.22,149
O00896,10-09-2024,C0698,P1000,Online,Online,3,144.44,0.1,389.99,103.8,78.59
O00897,01-09-2025,C0757,P0525,S045,In-Store,1,9.95,0.2,7.96,7.69,0.27
O00898,23-11-2024,C0293,P0583,S016,In-Store,3,13.6,0,40.8,8.89,14.13
O00899,08-02-2025,C0404,P0413,S035,In-Store,3,161.51,0.2,387.62,95.92,99.86
O00900,27-09-2025,C0530,P0073,S006,In-Store,2,10.3,0,20.6,5.33,9.94
O00901,07-10-2025,C0397,P0377,Online,Online,3,119.09,0,357.27,95.75,70.02
O00902,18-05-2024,C0630,P0759,S009,In-Store,1,71.59,0.2,57.27,61.68,-4.41
O00903,29-11-2025,C0042,P1031,S012,In-Store,1,119.03,0.05,113.08,94.94,18.14
O00904,04-10-2025,C0044,P1164,Online,Online,1,70.62,0.05,67.09,49.22,17.87
O00905,02-03-2025,C0256,P0359,S012,In-Store,2,86.22,0,172.44,46.73,78.98
O00906,31-05-2024,C0156,P0597,S014,In-Store,1,105.66,0.05,100.38,73.49,26.89
O00907,27-11-2025,C0343,P0898,Online,Online,2,204.25,0.2,326.8,167.86,-8.92
O00908,27-01-2025,C0251,P1082,Online,Online,3,35.93,0.05,102.4,21.85,36.85
O00909,03-05-2024,C0325,P0116,Online,Online,2,196.71,0,393.42,166.99,59.44
O00910,05-01-2025,C0547,P0035,S010,In-Store,2,270.68,0.1,487.22,136.31,214.6
O00911,09-02-2025,C0146,P0212,S000,In-Store,10,313.84,0.2,2510.72,198.95,521.22
O00912,31-07-2025,C0059,P0793,S007,In-Store,1,273.34,0.05,259.67,166.17,93.5
O00913,03-12-2024,C0036,P1154,S001,In-Store,3,111.2,0.2,266.88,72.32,49.92
O00914,09-01-2025,C0660,P0790,Online,Online,2,70.22,0.2,112.35,47.78,16.79
O00915,06-03-2025,C0766,P0486,S039,In-Store,1,92.81,0.1,83.53,58.6,24.93
O00916,23-10-2025,C0651,P0931,S057,In-Store,1,121.97,0.05,115.87,72.18,43.69
O00917,22-02-2025,C0368,P0458,Online,Online,1,296.72,0.05,281.88,160.55,121.33
O00918,29-09-2024,C0397,P0526,S023,In-Store,1,197.85,0,197.85,127.57,70.28
O00919,09-03-2025,C0307,P0294,Online,Online,3,139.28,0.2,334.27,76.63,104.38
O00920,04-10-2025,C0554,P0464,S008,In-Store,1,30.5,0.1,27.45,25.66,1.79
O00921,30-04-2024,C0415,P0862,S029,In-Store,2,105.88,0.2,169.41,85.38,-1.35
O00922,04-01-2025,C0397,P0949,S020,In-Store,3,65.96,0.2,158.3,34.58,54.56
O00923,20-02-2025,C0542,P0421,Online,Online,1,322.09,0.05,305.99,189.31,116.68
O00924,21-05-2024,C0746,P0744,S035,In-Store,2,190.33,0.2,304.53,109.86,84.81
O00925,05-07-2025,C0314,P0437,S030,In-Store,2,31.48,0,62.96,24.05,14.86
O00926,31-01-2025,C0463,P0615,S049,In-Store,2,92.09,0.2,147.34,63.28,20.78
O00927,16-10-2025,C0222,P0691,S010,In-Store,4,258.99,0.2,828.77,156.94,201.01
O00928,19-10-2025,C0442,P0369,S001,In-Store,1,314.41,0.05,298.69,197.87,100.82
O00929,04-10-2025,C0683,P0352,Online,Online,3,289.95,0.05,826.36,191.55,251.71
O00930,09-07-2025,C0588,P0405,Online,Online,1,226.02,0.1,203.42,114.67,88.75
O00931,19-04-2025,C0756,P0267,S031,In-Store,2,349.07,0.1,628.33,193.29,241.75
O00932,30-08-2024,C0781,P1086,S056,In-Store,2,80.63,0,161.26,69.87,21.52
O00933,06-07-2024,C0636,P0133,Online,Online,1,50.24,0,50.24,28.1,22.14
O00934,06-07-2024,C0054,P0678,S020,In-Store,2,109.85,0.1,197.73,74.79,48.15
O00935,28-06-2025,C0154,P0436,S004,In-Store,1,141,0.1,126.9,79.85,47.05
O00936,01-04-2025,C0323,P1194,S028,In-Store,2,50.75,0.2,81.2,33.5,14.2
O00937,16-11-2025,C0179,P0593,S051,In-Store,2,71.58,0.05,136,37.74,60.52
O00938,15-03-2025,C0155,P0334,S034,In-Store,2,135.83,0.2,217.33,118.75,-20.17
O00939,17-03-2025,C0565,P0961,S017,In-Store,3,123.39,0.05,351.66,100.83,49.17
O00940,04-07-2024,C0679,P0300,S006,In-Store,2,138.12,0,276.24,75.85,124.54
O00941,13-09-2024,C0390,P0968,S010,In-Store,2,177.96,0,355.92,113.75,128.42
O00942,05-01-2025,C0371,P0903,S011,In-Store,1,221.79,0.2,177.43,165.61,11.82
O00943,14-09-2024,C0503,P1160,S021,In-Store,1,153.34,0,153.34,86.93,66.41
O00944,03-01-2025,C0070,P0362,Online,Online,3,149.41,0.1,403.41,85.59,146.64
O00945,10-08-2025,C0153,P0227,S050,In-Store,3,252.06,0.05,718.37,156.48,248.93
O00946,03-04-2025,C0328,P0598,S017,In-Store,1,169.19,0,169.19,93,76.19
O00947,10-10-2024,C0506,P0032,S037,In-Store,2,175.11,0.2,280.18,135.45,9.28
O00948,23-06-2025,C0373,P0517,Online,Online,1,203.43,0.1,183.09,172.69,10.4
O00949,12-12-2024,C0024,P1002,S010,In-Store,3,97.52,0,292.56,69.45,84.21
O00950,02-07-2024,C0717,P0627,Online,Online,2,122,0.2,195.2,65.64,63.92
O00951,29-05-2024,C0279,P0938,S021,In-Store,3,186.04,0,558.12,112.02,222.06
O00952,16-04-2024,C0639,P0021,S001,In-Store,1,77.31,0.1,69.58,62.23,7.35
O00953,21-12-2025,C0481,P0778,Online,In-Store,1,49.55,0.1,44.6,25.13,19.47
O00954,09-12-2025,C0343,P0751,S054,In-Store,2,186.43,0.2,298.29,165.31,-32.33
O00955,16-06-2024,C0350,P0271,S046,In-Store,2,26.58,0.1,47.84,21.36,5.12
O00956,09-04-2025,C0500,P0576,Online,Online,1,323.53,0.2,258.82,179.67,79.15
O00957,21-01-2025,C0086,P0652,S057,In-Store,1,171.03,0,171.03,96.8,74.23
O00958,27-03-2025,C0131,P0219,Online,Online,2,125.63,0.05,238.7,73.95,90.8
O00959,23-08-2025,C0157,P1171,S049,In-Store,2,230.62,0,461.24,185.92,89.4
O00960,25-04-2024,C0009,P0027,S021,In-Store,1,236.79,0,236.79,189.64,47.15
O00961,10-05-2025,C0641,P0943,S021,In-Store,3,181.12,0,543.36,104.17,230.85
O00962,20-05-2025,C0057,P0284,Online,Online,3,19.54,0,58.62,13.49,18.15
O00963,03-05-2024,C0735,P0187,Online,Online,2,246.22,0.05,467.82,161.83,144.16
O00964,30-06-2024,C0734,P0162,S040,In-Store,2,252.67,0.05,480.07,171.92,136.23
O00965,26-02-2025,C0202,P1014,S011,In-Store,2,184.27,0.2,294.83,155.05,-15.27
O00966,19-07-2025,C0692,P0528,S003,In-Store,1,102.08,0.2,81.66,65.43,16.23
O00967,05-07-2024,C0006,P0162,Online,Online,2,252.67,0.05,480.07,171.92,136.23
O00968,08-11-2025,C0555,P1178,S044,In-Store,1,63.25,0,63.25,33.85,29.4
O00969,28-01-2025,C0077,P0385,Online,Online,2,158.79,0.1,285.82,105.08,75.66
O00970,28-01-2025,C0233,P0332,S053,In-Store,1,159.7,0.1,143.73,102.16,41.57
O00971,26-06-2024,C0518,P0584,Online,Online,3,90.01,0.1,243.03,71.45,28.68
O00972,05-04-2025,C0753,P0493,S041,In-Store,1,178.11,0.1,160.3,108.79,51.51
O00973,05-05-2025,C0165,P0132,Online,Online,1,63.3,0.2,50.64,34.59,16.05
O00974,09-04-2025,C0750,P0123,S052,In-Store,1,159.16,0.2,127.33,112.93,14.4
O00975,02-02-2025,C0782,P0913,Online,Online,1,211.23,0,211.23,105.93,105.3
O00976,30-05-2024,C0789,P0740,S038,In-Store,3,149.47,0,448.41,110.35,117.36
O00977,07-02-2025,C0744,P0653,S047,In-Store,1,62.89,0.2,50.31,48.34,1.97
O00978,25-05-2024,C0307,P1001,S047,In-Store,3,125.39,0.05,357.36,71.57,142.65
O00979,03-02-2025,C0174,P0087,S026,In-Store,2,222.39,0.2,355.82,183.91,-12
O00980,12-07-2024,C0332,P0825,S057,In-Store,1,138.88,0.2,111.1,97.93,13.17
O00981,29-09-2025,C0145,P0789,S001,In-Store,1,77.75,0.05,73.86,47.24,26.62
O00982,04-05-2025,C0390,P0305,S000,In-Store,3,89.57,0.2,214.97,66.31,16.04
O00983,22-11-2024,C0677,P0353,Online,Online,1,157.81,0.05,149.92,123.96,25.96
O00984,25-06-2024,C0016,P0801,S017,In-Store,1,38.24,0.1,34.42,25.78,8.64
O00985,25-12-2025,C0509,P0803,Online,Online,3,180.46,0.1,487.24,112.66,149.26
O00986,10-04-2025,C0498,P1022,S017,In-Store,2,146.67,0.05,278.67,116.95,44.77
O00987,11-06-2025,C0681,P0122,S006,In-Store,1,83.05,0,83.05,48.21,34.84
O00988,27-07-2024,C0722,P0976,S009,In-Store,2,290.2,0.05,551.38,146.74,257.9
O00989,08-11-2024,C0506,P0443,S000,In-Store,1,283.37,0.1,255.03,188.88,66.15
O00990,12-04-2025,C0346,P0636,S027,In-Store,3,168.98,0,506.94,119.44,148.62
O00991,09-02-2025,C0542,P0577,S023,In-Store,3,309.01,0.05,880.68,154.53,417.09
O00992,01-07-2025,C0484,P0129,Online,Online,2,27.78,0.1,50,25,0
O00993,08-03-2025,C0214,P0668,S058,In-Store,2,153.87,0.1,276.97,89.56,97.85
O00994,31-01-2025,C0487,P0574,S036,In-Store,3,224.11,0.1,605.1,157.47,132.69
O00995,26-06-2025,C0130,P0659,S036,In-Store,1,218.6,0.05,207.67,173.17,34.5
O00996,02-02-2025,C0624,P0485,S015,In-Store,1,23.82,0.2,19.06,21.12,-2.06
O00997,02-05-2024,C0019,P0641,S006,In-Store,2,240.92,0.2,385.47,123.63,138.21
O00998,15-02-2025,C0638,P0658,Online,Online,4,136.72,0.2,437.5,84.79,98.34
O00999,18-06-2024,C0745,P0544,Online,Online,1,312.32,0.2,249.86,173.88,75.98
O01000,16-07-2024,C0698,P0565,S023,In-Store,1,129.36,0,129.36,77.59,51.77
O01001,18-01-2025,C0228,P0006,S052,In-Store,2,233.12,0.2,372.99,147.3,78.39
O01002,31-12-2024,C0396,P0558,S031,In-Store,1,178.04,0.1,160.24,95.35,64.89
O01003,28-12-2024,C0549,P0409,S041,In-Store,1,263.72,0.05,250.53,161.91,88.62
O01004,12-04-2024,C0611,P0246,Online,Online,3,40,0,120,34.44,16.68
O01005,18-05-2024,C0199,P1072,S018,In-Store,4,200.65,0.05,762.47,138.28,209.35
O01006,28-04-2024,C0433,P0022,Online,Online,2,124.36,0.05,236.28,104,28.28
O01007,17-02-2025,C0025,P0059,S048,In-Store,1,37.27,0.2,29.82,19.67,10.15
O01008,29-10-2024,C0476,P0302,S024,In-Store,1,32.61,0.05,30.98,18.11,12.87
O01009,17-06-2025,C0776,P0643,Online,Online,2,252.43,0.1,454.37,137.05,180.27
O01010,10-11-2025,C0202,P0928,Online,Online,3,175.55,0.05,500.32,114.06,158.14
O01011,20-01-2025,C0017,P0253,Online,Online,2,284.82,0.1,512.68,142.99,226.7
O01012,14-11-2024,C0377,P0290,S046,In-Store,1,209.97,0.2,167.98,105.5,62.48
O01013,25-04-2025,C0643,P0889,S025,In-Store,1,13.19,0.05,12.53,9.16,3.37
O01014,23-01-2025,C0778,P0070,S020,In-Store,1,235,0,235,176.02,58.98
O01015,11-11-2024,C0057,P0270,Online,In-Store,2,245.33,0,490.66,130.03,230.6
O01016,02-05-2024,C0104,P1070,Online,Online,2,20.86,0.05,39.63,15.59,8.45
O01017,24-08-2025,C0368,P0731,S026,In-Store,1,138.18,0.1,124.36,113.54,10.82
O01018,16-09-2024,C0504,P0820,S033,In-Store,3,310.73,0.2,745.75,193.38,165.61
O01019,26-07-2025,C0405,P0317,S005,In-Store,2,171.54,0.05,325.93,89.36,147.21
O01020,04-01-2025,C0118,P0534,Online,Online,3,53.64,0,160.92,29.75,71.67
O01021,07-01-2025,C0571,P0049,Online,Online,1,186.29,0.05,176.98,135.98,41
O01022,14-09-2024,C0043,P0448,S017,In-Store,1,117.04,0.05,111.19,101.16,10.03
O01023,14-05-2024,C0140,P1025,S024,In-Store,1,121.03,0.2,96.82,65.93,30.89
O01024,17-06-2024,C0783,P0593,S042,In-Store,2,71.58,0.2,114.53,37.74,39.05
O01025,01-04-2025,C0041,P0409,S013,In-Store,3,263.72,0.05,751.6,161.91,265.87
O01026,23-04-2025,C0007,P0715,S037,In-Store,2,377.17,0.1,678.91,196,286.91
O01027,30-07-2025,C0168,P0813,Online,Online,1,126.97,0,126.97,75.15,51.82
O01028,06-02-2025,C0762,P0576,Online,Online,1,323.53,0.1,291.18,179.67,111.51
O01029,27-05-2025,C0163,P0412,S016,In-Store,3,108.31,0.1,292.44,82.34,45.42
O01030,05-06-2025,C0266,P0804,Online,Online,1,74.98,0.1,67.48,54.49,12.99
O01031,22-08-2024,C0456,P1048,S013,In-Store,3,60.3,0.05,171.85,41.7,46.75
O01032,29-11-2024,C0396,P0218,S055,In-Store,1,184.74,0.05,175.5,113.49,62.01
O01033,05-06-2024,C0583,P0611,S043,In-Store,3,121.34,0.05,345.82,90.75,73.57
O01034,14-06-2025,C0310,P0739,S041,In-Store,2,144.18,0.05,273.94,79.37,115.2
O01035,07-04-2025,C0258,P0444,S019,In-Store,1,32.76,0,32.76,22.02,10.74
O01036,26-05-2024,C0185,P0683,Online,Online,1,27.06,0.2,21.65,14.77,6.88
O01037,06-11-2024,C0468,P0800,S010,In-Store,1,100.39,0.2,80.31,78.13,2.18
O01038,11-10-2024,C0611,P0584,S042,In-Store,2,90.01,0.05,171.02,71.45,28.12
O01039,11-11-2024,C0109,P0000,S039,In-Store,2,64.65,0,129.3,52.75,23.8
O01040,22-12-2025,C0280,P0000,S024,In-Store,1,64.65,0.05,61.42,52.75,8.67
O01041,10-10-2024,C0376,P0440,S027,In-Store,1,233.08,0.1,209.77,137.54,72.23
O01042,16-08-2024,C0427,P0045,Online,Online,2,198.66,0,397.32,171.01,55.3
O01043,08-08-2024,C0309,P0290,Online,Online,1,209.97,0.05,199.47,105.5,93.97
O01044,11-09-2024,C0651,P0062,S059,In-Store,2,234.63,0.2,375.41,138,99.41
O01045,05-02-2025,C0115,P0176,S029,In-Store,1,273.81,0.1,246.43,180.29,66.14
O01046,11-09-2025,C0719,P1153,S046,In-Store,1,152.8,0.05,145.16,103.2,41.96
O01047,19-09-2025,C0407,P0772,Online,Online,1,121.36,0.2,97.09,102.72,-5.63
O01048,01-09-2024,C0476,P0844,Online,Online,1,106.04,0,106.04,72.11,33.93
O01049,09-06-2024,C0045,P0129,S056,In-Store,1,27.78,0.1,25,25,0
O01050,22-02-2025,C0736,P0981,Online,Online,1,11.42,0.1,10.28,7.38,2.9
O01051,15-12-2024,C0278,P0385,Online,Online,3,158.79,0.2,381.1,105.08,65.86
O01052,10-02-2025,C0665,P0090,S053,In-Store,1,242.17,0.2,193.74,154.33,39.41
O01053,27-09-2025,C0719,P1000,S045,In-Store,2,144.44,0,288.88,103.8,81.28
O01054,05-03-2025,C0090,P0752,S030,In-Store,2,273.69,0.05,520.01,150.62,218.77
O01055,26-09-2024,C0380,P1128,S020,In-Store,2,153.7,0.1,276.66,86.72,103.22
O01056,24-09-2025,C0594,P0822,S022,In-Store,1,79.83,0.1,71.85,55.27,16.58
O01057,16-10-2024,C0688,P1012,S026,In-Store,1,188.59,0.1,169.73,103.67,66.06
O01058,23-11-2024,C0088,P0518,S021,In-Store,3,173.43,0.1,468.26,119.97,108.35
O01059,11-01-2025,C0461,P1104,S010,In-Store,3,354.64,0,1063.92,188.32,498.96
O01060,14-12-2024,C0640,P0297,S034,In-Store,1,181.74,0.05,172.65,122.51,50.14
O01061,03-12-2024,C0587,P0285,S050,In-Store,1,86.63,0.05,82.3,74.63,7.67
O01062,11-07-2025,C0405,P0167,S056,In-Store,1,122.4,0,122.4,71.02,51.38
O01063,08-10-2024,C0557,P0085,S036,In-Store,1,88.88,0,88.88,52.58,36.3
O01064,25-07-2024,C0563,P0337,S043,In-Store,2,134.08,0.1,241.34,83.11,75.12
O01065,31-07-2024,C0333,P0764,S025,In-Store,1,241.25,0.2,193,143.88,49.12
O01066,02-10-2025,C0359,P0835,S006,In-Store,4,147.06,0.05,558.83,111.97,110.95
O01067,11-12-2025,C0464,P0318,S057,In-Store,3,80.1,0.05,228.28,64.3,35.38
O01068,02-07-2024,C0059,P1033,S031,In-Store,2,251.96,0.05,478.72,159.52,159.68
O01069,21-04-2024,C0711,P0627,Online,Online,3,122,0.2,292.8,65.64,95.88
O01070,26-09-2025,C0214,P1109,S017,In-Store,3,200.18,0.05,570.51,121.02,207.45
O01071,16-07-2024,C0031,P0605,Online,Online,1,216.21,0.05,205.4,116.5,88.9
O01072,04-06-2024,C0696,P0146,Online,Online,1,297.56,0.2,238.05,199.4,38.65
O01073,20-05-2024,C0432,P0732,Online,In-Store,2,186.46,0.1,335.63,95.93,143.77
O01074,05-10-2024,C0383,P0426,S039,In-Store,2,289.27,0.2,462.83,184.02,94.79
O01075,13-02-2025,C0607,P0085,S002,In-Store,2,88.88,0.2,142.21,52.58,37.05
O01076,16-12-2024,C0031,P0523,S055,In-Store,1,228.06,0.2,182.45,187.12,-4.67
O01077,20-03-2025,C0788,P0200,S037,In-Store,1,213.08,0.1,191.77,130.13,61.64
O01078,14-12-2024,C0701,P1004,Online,In-Store,1,232.49,0,232.49,157.88,74.61
O01079,19-12-2024,C0777,P0177,S034,In-Store,1,128.6,0,128.6,91.14,37.46
O01080,12-02-2025,C0741,P0192,S047,In-Store,3,195.65,0.1,528.26,128.9,141.56
O01081,27-03-2025,C0480,P0070,S035,In-Store,1,235,0.2,188,176.02,11.98
O01082,23-09-2025,C0420,P0194,Online,Online,2,45.47,0.05,86.39,23.95,38.49
O01083,27-01-2025,C0691,P0057,S028,In-Store,3,190.01,0,570.03,166.72,69.87
O01084,14-06-2024,C0474,P0562,S024,In-Store,4,274.7,0,1098.8,171.65,412.2
O01085,26-03-2025,C0120,P1058,S057,In-Store,1,219.39,0.2,175.51,138.39,37.12
O01086,16-10-2024,C0166,P0081,Online,Online,2,102.43,0.1,184.37,60.34,63.69
O01087,11-12-2025,C0703,P0317,S004,In-Store,2,171.54,0.05,325.93,89.36,147.21
O01088,25-12-2025,C0255,P0011,S047,In-Store,2,144.13,0.05,273.85,109.16,55.53
O01089,23-12-2025,C0044,P0619,Online,Online,1,181.23,0.1,163.11,113.49,49.62
O01090,23-02-2025,C0597,P1010,Online,Online,2,228.83,0.2,366.13,166.74,32.65
O01091,20-02-2025,C0118,P0207,Online,Online,1,176.19,0.05,167.38,97.87,69.51
O01092,01-10-2025,C0619,P1152,Online,Online,2,271.06,0.2,433.7,151.87,129.96
O01093,01-01-2025,C0715,P0880,Online,Online,2,166.53,0.1,299.75,97.2,105.35
O01094,17-01-2025,C0108,P0857,S017,In-Store,1,17.94,0.2,14.35,10.57,3.78
O01095,26-11-2024,C0432,P0137,Online,Online,4,8.31,0.1,29.92,5.52,7.84
O01096,18-09-2024,C0680,P0732,S032,In-Store,1,186.46,0.05,177.14,95.93,81.21
O01097,23-09-2025,C0140,P0247,Online,Online,1,170.48,0,170.48,120.33,50.15
O01098,16-01-2025,C0680,P0402,S034,In-Store,3,19.94,0.1,53.84,14.14,11.42
O01099,03-09-2025,C0489,P0136,S042,In-Store,1,166.07,0.05,157.77,133.78,23.99
O01100,09-08-2024,C0118,P1146,Online,Online,1,250.84,0.05,238.3,179.22,59.08
O01101,28-04-2024,C0136,P0800,Online,Online,1,100.39,0,100.39,78.13,22.26
O01102,16-08-2024,C0012,P0230,Online,In-Store,2,73.43,0,146.86,47.04,52.78
O01103,16-07-2025,C0140,P0654,S055,In-Store,2,126.06,0.2,201.7,77.48,46.74
O01104,13-08-2025,C0193,P0972,S013,In-Store,1,113.58,0,113.58,81.65,31.93
O01105,15-05-2025,C0566,P1108,S004,In-Store,1,194.34,0.05,184.62,167.89,16.73
O01106,16-06-2025,C0522,P0297,S004,In-Store,1,181.74,0.2,145.39,122.51,22.88
O01107,19-04-2025,C0074,P1159,Online,Online,1,308.05,0.2,246.44,194.07,52.37
O01108,24-12-2025,C0370,P0461,S026,In-Store,2,201.11,0,402.22,111.01,180.2
O01109,15-11-2024,C0043,P0656,S001,In-Store,2,192.95,0.05,366.6,102.59,161.42
O01110,04-12-2025,C0382,P0800,S053,In-Store,1,100.39,0.05,95.37,78.13,17.24
O01111,05-07-2024,C0130,P0981,S050,In-Store,3,11.42,0.2,27.41,7.38,5.27
O01112,24-08-2024,C0773,P0322,Online,Online,2,40.71,0.1,73.28,20.84,31.6
O01113,01-03-2025,C0076,P0886,S026,In-Store,3,82.92,0,248.76,53.5,88.26
O01114,03-09-2024,C0721,P0298,S002,In-Store,2,24.97,0.1,44.95,13.26,18.43
O01115,19-02-2025,C0287,P0951,S058,In-Store,3,173.19,0.1,467.61,116.72,117.45
O01116,29-09-2024,C0548,P0669,S054,In-Store,2,95.28,0.2,152.45,75.05,2.35
O01117,30-12-2024,C0395,P0595,S059,In-Store,3,277.06,0.05,789.62,158.47,314.21
O01118,30-08-2025,C0093,P1002,S034,In-Store,2,97.52,0,195.04,69.45,56.14
O01119,06-01-2025,C0274,P0555,S038,In-Store,1,122.23,0.05,116.12,93.29,22.83
O01120,05-12-2025,C0331,P0490,Online,In-Store,4,131.05,0.1,471.78,92.7,100.98
O01121,31-08-2025,C0343,P1060,S017,In-Store,2,171.11,0.1,308,87.1,133.8
O01122,05-01-2025,C0685,P0385,S056,In-Store,2,158.79,0.05,301.7,105.08,91.54
O01123,13-10-2024,C0704,P0604,Online,Online,1,183.02,0.1,164.72,133.82,30.9
O01124,04-08-2024,C0566,P0657,Online,Online,1,29.04,0.2,23.23,15.54,7.69
O01125,21-02-2025,C0177,P0240,S056,In-Store,2,85.49,0.1,153.88,52.45,48.98
O01126,27-02-2025,C0210,P0690,Online,Online,2,140.54,0.2,224.86,86.13,52.6
O01127,12-04-2024,C0401,P0991,S059,In-Store,1,117.12,0.2,93.7,96.81,-3.11
O01128,25-06-2025,C0149,P0521,S016,In-Store,2,206.03,0,412.06,150.83,110.4
O01129,18-09-2025,C0563,P0805,Online,Online,3,290.78,0.05,828.72,171.72,313.56
O01130,28-08-2025,C0260,P1013,S035,In-Store,2,325.64,0.1,586.15,185.11,215.93
O01131,30-04-2024,C0430,P0407,Online,Online,1,40.35,0.2,32.28,23.03,9.25
O01132,30-05-2024,C0501,P0998,Online,Online,1,19.62,0.2,15.7,13.87,1.83
O01133,18-05-2024,C0122,P0286,Online,Online,1,43.94,0.1,39.55,31.01,8.54
O01134,21-04-2025,C0055,P0084,S017,In-Store,1,287.7,0,287.7,177.8,109.9
O01135,25-11-2025,C0274,P0260,S059,In-Store,1,116.29,0.2,93.03,104.16,-11.13
O01136,07-12-2024,C0676,P1160,Online,Online,1,153.34,0,153.34,86.93,66.41
O01137,17-08-2024,C0639,P0567,Online,Online,1,335.11,0.05,318.35,181.49,136.86
O01138,01-10-2025,C0633,P1168,S059,In-Store,1,99.03,0.1,89.13,77.09,12.04
O01139,28-08-2024,C0155,P0047,Online,In-Store,1,141,0.05,133.95,86.75,47.2
O01140,09-02-2025,C0392,P0416,S001,In-Store,1,166.68,0.05,158.35,149.54,8.81
O01141,25-11-2025,C0758,P0552,S007,In-Store,4,167.38,0,669.52,94.4,291.92
O01142,18-02-2025,C0416,P0452,Online,Online,3,225.95,0.05,643.96,161.79,158.59
O01143,22-09-2025,C0225,P0572,Online,Online,1,271.22,0.05,257.66,177.14,80.52
O01144,18-08-2024,C0445,P1187,S054,In-Store,2,230.39,0.2,368.62,167.74,33.14
O01145,09-04-2025,C0237,P0205,S026,In-Store,1,14.31,0.2,11.45,7.9,3.55
O01146,21-07-2025,C0756,P0787,S048,In-Store,3,220.2,0.2,528.48,178.71,-7.65
O01147,18-01-2025,C0783,P0556,Online,Online,3,44.06,0.2,105.74,35.31,-0.19
O01148,27-12-2025,C0536,P0701,S031,In-Store,2,94.74,0.2,151.58,83.67,-15.76
O01149,13-02-2025,C0621,P0420,S045,In-Store,3,291.86,0,875.58,183.8,324.18
O01150,19-04-2024,C0715,P0773,Online,Online,2,311.06,0.2,497.7,170.36,156.98
O01151,29-10-2025,C0321,P0723,S015,In-Store,1,170.31,0.1,153.28,138.26,15.02
O01152,19-05-2024,C0388,P0961,S043,In-Store,1,123.39,0.05,117.22,100.83,16.39
O01153,19-07-2025,C0066,P0926,S001,In-Store,2,107.82,0.2,172.51,70.55,31.41
O01154,30-06-2024,C0368,P0780,Online,Online,1,253.19,0.2,202.55,194.67,7.88
O01155,06-01-2025,C0434,P0183,S022,In-Store,1,304.66,0.05,289.43,181.16,108.27
O01156,12-06-2024,C0266,P0980,Online,Online,1,34.02,0.05,32.32,27.92,4.4
O01157,10-12-2025,C0660,P1059,S051,In-Store,1,121.32,0.05,115.25,109.33,5.92
O01158,15-08-2024,C0390,P0746,Online,Online,2,28.27,0.05,53.71,15.58,22.55
O01159,27-03-2025,C0162,P0189,S035,In-Store,1,177.09,0,177.09,159.18,17.91
O01160,05-02-2025,C0537,P0522,S018,In-Store,1,105.69,0.05,100.41,80.25,20.16
O01161,19-04-2024,C0285,P0380,Online,Online,1,278.15,0.1,250.33,152.68,97.65
O01162,08-07-2024,C0068,P0474,S039,In-Store,2,140.16,0,280.32,80.82,118.68
O01163,10-12-2025,C0596,P0360,Online,Online,1,46.47,0.2,37.18,26.3,10.88
O01164,13-04-2025,C0171,P0483,Online,Online,3,292.81,0.05,834.51,190.61,262.68
O01165,02-11-2024,C0078,P0137,S017,In-Store,3,8.31,0.05,23.68,5.52,7.12
O01166,06-10-2024,C0797,P0947,S023,In-Store,1,101.12,0.05,96.06,51.06,45
O01167,08-08-2024,C0191,P0503,S020,In-Store,1,136.04,0.05,129.24,111.73,17.51
O01168,30-03-2025,C0525,P0042,S057,In-Store,1,104.69,0,104.69,60.62,44.07
O01169,23-01-2025,C0171,P0099,S054,In-Store,1,365.42,0.05,347.15,184.31,162.84
O01170,04-03-2025,C0623,P0752,S017,In-Store,1,273.69,0.2,218.95,150.62,68.33
O01171,16-02-2025,C0179,P0225,S010,In-Store,1,295.19,0,295.19,149.49,145.7
O01172,04-11-2025,C0386,P0278,Online,Online,3,267.49,0.2,641.98,167.82,138.52
O01173,16-03-2025,C0501,P0808,S046,In-Store,2,276.8,0.2,442.88,185.54,71.8
O01174,11-12-2024,C0477,P1064,S038,In-Store,1,41.74,0.2,33.39,30.85,2.54
O01175,12-03-2025,C0536,P0834,Online,Online,1,94.05,0.2,75.24,78.99,-3.75
O01176,14-12-2025,C0037,P0423,Online,Online,1,148.79,0.1,133.91,103.62,30.29
O01177,14-01-2025,C0118,P0844,S019,In-Store,1,106.04,0.1,95.44,72.11,23.33
O01178,21-04-2025,C0498,P0406,S013,In-Store,2,76.46,0.2,122.34,54.72,12.9
O01179,17-08-2025,C0768,P0301,S037,In-Store,1,291.59,0.05,277.01,170.49,106.52
O01180,13-07-2024,C0309,P0811,Online,Online,2,13.23,0,26.46,7.09,12.28
O01181,06-09-2024,C0449,P0517,S029,In-Store,3,203.43,0.2,488.23,172.69,-29.84
O01182,29-04-2025,C0209,P0948,Online,Online,2,335.29,0,670.58,176.34,317.9
O01183,17-12-2024,C0149,P0207,Online,Online,1,176.19,0,176.19,97.87,78.32
O01184,16-12-2025,C0395,P0887,Online,Online,1,92.06,0.1,82.85,74.33,8.52
O01185,13-11-2024,C0524,P1129,S059,In-Store,1,81.51,0.2,65.21,68.6,-3.39
O01186,10-03-2025,C0339,P0396,S032,In-Store,3,242.65,0.05,691.55,124.91,316.82
O01187,15-02-2025,C0103,P0298,S035,In-Store,1,24.97,0.1,22.47,13.26,9.21
O01188,08-12-2024,C0521,P0447,S023,In-Store,2,173.65,0,347.3,138.64,70.02
O01189,02-01-2025,C0342,P0942,S020,In-Store,2,193.87,0.1,348.97,173.54,1.89
O01190,19-03-2025,C0529,P1199,Online,Online,1,38.43,0.2,30.74,23.69,7.05
O01191,16-03-2025,C0443,P1052,Online,Online,1,190.93,0,190.93,126.53,64.4
O01192,03-05-2025,C0157,P0773,S045,In-Store,2,311.06,0.2,497.7,170.36,156.98
O01193,17-07-2024,C0650,P0547,Online,Online,1,235.33,0.05,223.56,147.83,75.73
O01194,27-11-2024,C0393,P0564,S002,In-Store,2,331.22,0,662.44,166.92,328.6
O01195,31-12-2024,C0136,P0398,S012,In-Store,1,218.44,0.2,174.75,149.41,25.34
O01196,08-11-2024,C0155,P0874,S016,In-Store,30,119.65,0.05,3410.02,65.76,1437.22
O01197,31-01-2025,C0067,P0334,S016,In-Store,1,135.83,0.2,108.66,118.75,-10.09
O01198,22-10-2025,C0224,P0959,S010,In-Store,3,56.21,0.2,134.9,50.03,-15.19
O01199,10-12-2024,C0685,P0941,S021,In-Store,1,146.94,0.1,132.25,132.68,-0.43
O01200,30-03-2025,C0264,P1181,S056,In-Store,2,64.84,0.1,116.71,36.94,42.83
O01201,30-01-2025,C0334,P1078,Online,Online,2,73.33,0.1,131.99,66.09,-0.19
O01202,09-07-2024,C0796,P0502,Online,Online,1,256.28,0,256.28,165.85,90.43
O01203,25-03-2025,C0278,P0672,S019,In-Store,2,258.08,0.2,412.93,155.39,102.15
O01204,25-11-2025,C0414,P0105,S019,In-Store,3,49.07,0.1,132.49,43.88,0.85
O01205,17-08-2024,C0151,P1136,Online,Online,1,40.91,0.05,38.86,21.86,17
O01206,17-07-2025,C0254,P0950,S059,In-Store,2,182.2,0,364.4,106.54,151.32
O01207,16-02-2025,C0517,P0743,S025,In-Store,1,243.78,0.2,195.02,135.72,59.3
O01208,27-08-2024,C0306,P0166,Online,Online,1,344.93,0.2,275.94,174.83,101.11
O01209,22-09-2025,C0678,P0135,S059,In-Store,3,218.78,0,656.34,123.88,284.7
O01210,26-01-2025,C0442,P0315,S001,In-Store,1,193.09,0.1,173.78,165.55,8.23
O01211,22-03-2025,C0121,P0630,Online,Online,1,266.6,0.2,213.28,149.48,63.8
O01212,27-02-2025,C0405,P0891,Online,Online,1,183.58,0.2,146.86,115.51,31.35
O01213,06-10-2025,C0293,P0498,S010,In-Store,4,35.81,0.1,128.92,19.73,50
O01214,24-05-2025,C0334,P0111,S005,In-Store,1,184.61,0,184.61,108.89,75.72
O01215,06-08-2025,C0515,P0017,Online,Online,1,151,0.2,120.8,75.59,45.21
O01216,12-05-2025,C0094,P0311,S000,In-Store,3,248.9,0.2,597.36,159.77,118.05
O01217,05-02-2025,C0136,P0596,S023,In-Store,3,291.59,0.1,787.29,147.85,343.74
O01218,06-09-2025,C0089,P0082,Online,Online,1,177.36,0.1,159.62,136.2,23.42
O01219,28-04-2024,C0039,P1193,Online,Online,1,169.77,0,169.77,104.94,64.83
O01220,07-03-2025,C0196,P0348,S052,In-Store,4,21.8,0.2,69.76,11.16,25.12
O01221,22-06-2024,C0607,P0596,S033,In-Store,3,291.59,0,874.77,147.85,431.22
O01222,26-06-2024,C0291,P0283,Online,Online,2,303.48,0.1,546.26,190.91,164.44
O01223,15-02-2025,C0794,P1054,Online,Online,1,193.12,0.05,183.46,143.87,39.59
O01224,21-06-2025,C0032,P0805,S042,In-Store,1,290.78,0.05,276.24,171.72,104.52
O01225,09-10-2025,C0463,P0734,S019,In-Store,1,33.37,0.1,30.03,19.21,10.82
O01226,17-08-2024,C0410,P0856,S015,In-Store,2,72.18,0.1,129.92,53.24,23.44
O01227,20-01-2025,C0215,P0492,S045,In-Store,3,226.07,0.05,644.3,125.15,268.85
O01228,12-02-2025,C0060,P1124,S009,In-Store,2,67.07,0,134.14,39.38,55.38
O01229,27-05-2024,C0129,P0305,S018,In-Store,1,89.57,0.1,80.61,66.31,14.3
O01230,14-12-2025,C0593,P0489,S027,In-Store,3,46.12,0.2,110.69,24.97,35.78
O01231,08-12-2024,C0659,P1130,S019,In-Store,2,208.54,0.05,396.23,178.82,38.59
O01232,10-02-2025,C0671,P0069,S025,In-Store,2,189.89,0.05,360.79,130.09,100.61
O01233,31-01-2025,C0050,P0064,S051,In-Store,3,17.33,0.1,46.79,9.83,17.3
O01234,01-05-2025,C0509,P0949,S025,In-Store,1,65.96,0.1,59.36,34.58,24.78
O01235,21-10-2024,C0334,P0864,S058,In-Store,10,113.48,0.05,1078.06,63.42,443.86
O01236,04-06-2025,C0396,P0336,S026,In-Store,1,310.73,0,310.73,177.08,133.65
O01237,09-09-2025,C0342,P0303,Online,Online,1,214.71,0.05,203.97,190.15,13.82
O01238,21-11-2025,C0618,P1014,S058,In-Store,2,184.27,0.05,350.11,155.05,40.01
O01239,06-07-2025,C0427,P0078,S040,In-Store,4,123.08,0.1,443.09,111.85,-4.31
O01240,20-03-2025,C0629,P0763,S006,In-Store,1,240.27,0.2,192.22,191.94,0.28
O01241,18-06-2024,C0513,P0413,Online,Online,1,161.51,0.1,145.36,95.92,49.44
O01242,22-08-2024,C0754,P1034,Online,Online,2,200.85,0.2,321.36,126.07,69.22
O01243,07-05-2025,C0604,P0402,S017,In-Store,2,19.94,0,39.88,14.14,11.6
O01244,15-04-2025,C0736,P0644,S034,In-Store,1,177.67,0.2,142.14,104.75,37.39
O01245,23-04-2025,C0340,P0036,S040,In-Store,1,267.62,0,267.62,147,120.62
O01246,15-07-2025,C0427,P0949,Online,In-Store,2,65.96,0.05,125.32,34.58,56.16
O01247,08-11-2024,C0605,P0456,S019,In-Store,1,238.72,0,238.72,164.22,74.5
O01248,16-11-2024,C0684,P1186,Online,Online,10,227.61,0.1,2048.49,167.3,375.49
O01249,30-07-2025,C0234,P0083,Online,Online,3,27.82,0.2,66.77,14.01,24.74
O01250,28-06-2025,C0002,P0880,Online,Online,2,166.53,0,333.06,97.2,138.66
O01251,20-06-2024,C0280,P1096,S034,In-Store,2,214.66,0.2,343.46,109.25,124.96
O01252,19-05-2025,C0750,P0627,S042,In-Store,2,122,0,244,65.64,112.72
O01253,07-04-2025,C0594,P0437,S035,In-Store,3,31.48,0.1,85,24.05,12.85
O01254,16-09-2024,C0240,P0796,S021,In-Store,2,87.96,0.05,167.12,77.22,12.68
O01255,27-09-2024,C0205,P0029,S005,In-Store,2,37.24,0.1,67.03,28.6,9.83
O01256,13-08-2024,C0491,P0042,Online,Online,1,104.69,0.1,94.22,60.62,33.6
O01257,03-04-2025,C0299,P0526,S057,In-Store,3,197.85,0.2,474.84,127.57,92.13
O01258,03-08-2025,C0167,P0740,Online,Online,2,149.47,0.1,269.05,110.35,48.35
O01259,30-01-2025,C0555,P1123,S004,In-Store,2,75.06,0.05,142.61,58.9,24.81
O01260,26-01-2025,C0003,P0490,Online,Online,1,131.05,0.1,117.94,92.7,25.24
O01261,01-08-2025,C0116,P0924,S032,In-Store,2,59.5,0.2,95.2,34.87,25.46
O01262,11-01-2025,C0492,P0569,Online,In-Store,1,18.44,0,18.44,10.75,7.69
O01263,20-10-2025,C0397,P0387,S016,In-Store,1,19.5,0,19.5,13.83,5.67
O01264,05-12-2025,C0635,P0176,S010,In-Store,1,273.81,0.05,260.12,180.29,79.83
O01265,03-06-2025,C0534,P1095,Online,Online,1,96.11,0.1,86.5,70.02,16.48
O01266,23-05-2025,C0398,P0885,Online,Online,4,203.69,0.2,651.81,118.31,178.57
O01267,11-09-2024,C0194,P0990,S047,In-Store,3,330.92,0,992.76,180.02,452.7
O01268,17-12-2025,C0762,P0464,S059,In-Store,3,30.5,0.2,73.2,25.66,-3.78
O01269,11-05-2024,C0468,P0793,S023,In-Store,1,273.34,0.05,259.67,166.17,93.5
O01270,23-03-2025,C0037,P0927,Online,Online,2,33.5,0.1,60.3,21.59,17.12
O01271,22-08-2025,C0680,P0762,S026,In-Store,1,116.9,0,116.9,69.03,47.87
O01272,31-10-2025,C0474,P0174,Online,Online,1,178.88,0,178.88,123.85,55.03
O01273,09-04-2025,C0574,P0238,S030,In-Store,1,30.72,0.2,24.58,27.46,-2.88
O01274,16-02-2025,C0564,P0697,Online,Online,3,210.41,0,631.23,151.53,176.64
O01275,01-01-2025,C0653,P0649,Online,Online,1,266.25,0.2,213,181.85,31.15
O01276,03-02-2025,C0109,P0112,S042,In-Store,3,314.05,0.05,895.04,170.67,383.03
O01277,31-01-2025,C0388,P0313,Online,Online,2,258.17,0.2,413.07,161.71,89.65
O01278,13-09-2024,C0543,P0745,Online,Online,4,16.81,0.1,60.52,9.63,22
O01279,13-01-2025,C0416,P0046,Online,Online,1,53.96,0.1,48.56,28.38,20.18
O01280,23-03-2025,C0728,P0190,S059,In-Store,3,232.24,0,696.72,136.2,288.12
O01281,07-07-2025,C0097,P0541,S020,In-Store,3,102.78,0,308.34,53.41,148.11
O01282,11-04-2025,C0217,P1192,S014,In-Store,1,290.29,0,290.29,174.33,115.96
O01283,29-08-2024,C0778,P1126,S058,In-Store,3,29.09,0,87.27,25.36,11.19
O01284,15-10-2024,C0562,P1182,S034,In-Store,2,275.08,0.1,495.14,167.92,159.3
O01285,03-05-2025,C0673,P0609,Online,Online,1,240.26,0.2,192.21,179.5,12.71
O01286,20-02-2025,C0041,P0638,S026,In-Store,1,224.41,0,224.41,131.24,93.17
O01287,18-08-2024,C0275,P0106,Online,Online,1,117.1,0,117.1,97.34,19.76
O01288,08-05-2024,C0602,P0008,Online,Online,4,18.19,0.2,58.21,13.94,2.45
O01289,24-08-2025,C0369,P0831,S016,In-Store,2,183.87,0.05,349.35,151.28,46.79
O01290,24-12-2024,C0574,P0507,Online,Online,2,331.53,0.05,629.91,175.51,278.89
O01291,14-11-2025,C0582,P0212,S001,In-Store,1,313.84,0.2,251.07,198.95,52.12
O01292,17-07-2025,C0725,P0259,Online,Online,1,182.1,0.05,172.99,130.48,42.51
O01293,21-01-2025,C0005,P1071,S036,In-Store,3,145.95,0.05,415.96,95.48,129.52
O01294,30-05-2024,C0243,P0121,S039,In-Store,1,201.89,0.2,161.51,130.95,30.56
O01295,12-01-2025,C0540,P0599,S025,In-Store,1,131.38,0.2,105.1,67.15,37.95
O01296,29-09-2024,C0294,P0551,Online,Online,2,170.18,0,340.36,143.77,52.82
O01297,22-09-2025,C0261,P1019,Online,Online,2,81.78,0,163.56,58.95,45.66
O01298,25-10-2025,C0195,P0518,S036,In-Store,1,173.43,0.05,164.76,119.97,44.79
O01299,22-08-2024,C0594,P0245,S015,In-Store,2,271.37,0.05,515.6,152.12,211.36
O01300,20-03-2025,C0236,P0511,S046,In-Store,2,189.31,0,378.62,120.77,137.08
O01301,27-01-2025,C0136,P0446,Online,Online,2,89.71,0,179.42,61.91,55.6
O01302,28-10-2025,C0667,P0430,S053,In-Store,1,126.13,0,126.13,78.96,47.17
O01303,22-01-2025,C0349,P0422,S009,In-Store,1,221.49,0,221.49,169.3,52.19
O01304,23-02-2025,C0332,P0841,S033,In-Store,3,101.01,0.1,272.73,53.94,110.91
O01305,09-09-2025,C0206,P0298,Online,Online,2,24.97,0.1,44.95,13.26,18.43
O01306,27-03-2025,C0681,P0497,S017,In-Store,1,54.61,0.1,49.15,32.72,16.43
O01307,20-07-2024,C0258,P0006,S010,In-Store,2,233.12,0,466.24,147.3,171.64
O01308,31-10-2025,C0061,P0939,S013,In-Store,1,201.44,0.2,161.15,118.69,42.46
O01309,03-03-2025,C0294,P0288,Online,Online,2,281.92,0.05,535.65,144.63,246.39
O01310,21-04-2025,C0014,P0969,S033,In-Store,3,171.98,0,515.94,90.71,243.81
O01311,28-04-2024,C0356,P0620,S028,In-Store,1,263.03,0.05,249.88,158.38,91.5
O01312,07-01-2025,C0282,P0976,S017,In-Store,1,290.2,0.05,275.69,146.74,128.95
O01313,28-05-2024,C0448,P0273,Online,Online,2,125.14,0.05,237.77,85.9,65.97
O01314,01-04-2025,C0393,P0448,S035,In-Store,1,117.04,0.05,111.19,101.16,10.03
O01315,06-01-2025,C0738,P0759,S044,In-Store,1,71.59,0,71.59,61.68,9.91
O01316,15-02-2025,C0674,P1057,S047,In-Store,2,176.53,0.2,282.45,107.05,68.35
O01317,27-06-2025,C0580,P0219,Online,Online,1,125.63,0.1,113.07,73.95,39.12
O01318,15-04-2024,C0250,P1138,S036,In-Store,1,111.59,0.05,106.01,68.82,37.19
O01319,13-09-2025,C0541,P0006,Online,Online,2,233.12,0,466.24,147.3,171.64
O01320,05-01-2025,C0706,P1134,S021,In-Store,2,40.51,0,81.02,26.67,27.68
O01321,13-08-2025,C0191,P0222,S046,In-Store,2,213.61,0.2,341.78,116.95,107.88
O01322,10-05-2025,C0278,P0410,Online,Online,1,244.31,0.2,195.45,174.55,20.9
O01323,23-12-2025,C0616,P1157,S006,In-Store,2,35.5,0.2,56.8,26.33,4.14
O01324,04-06-2025,C0200,P0501,S054,In-Store,1,310.14,0.1,279.13,170.77,108.36
O01325,13-09-2024,C0777,P0493,S031,In-Store,2,178.11,0.05,338.41,108.79,120.83
O01326,27-03-2025,C0575,P0033,S006,In-Store,1,288.63,0.05,274.2,158,116.2
O01327,07-12-2024,C0044,P0419,S034,In-Store,1,209.55,0,209.55,147.89,61.66
O01328,15-01-2025,C0561,P0903,S014,In-Store,1,221.79,0.05,210.7,165.61,45.09
O01329,21-05-2024,C0099,P0074,Online,Online,1,31.65,0.2,25.32,18.64,6.68
O01330,08-09-2024,C0287,P0891,S057,In-Store,1,183.58,0.05,174.4,115.51,58.89
O01331,31-12-2025,C0242,P0243,Online,Online,1,62.91,0.1,56.62,51.07,5.55
O01332,09-01-2025,C0549,P0493,Online,Online,2,178.11,0.1,320.6,108.79,103.02
O01333,27-07-2024,C0673,P0013,S031,In-Store,2,56.06,0.05,106.51,49.66,7.19
O01334,12-03-2025,C0338,P0204,Online,Online,2,200.67,0.05,381.27,110.34,160.59
O01335,11-09-2025,C0284,P0000,S022,In-Store,1,64.65,0.1,58.19,52.75,5.44
O01336,22-05-2024,C0569,P0336,Online,Online,2,310.73,0,621.46,177.08,267.3
O01337,22-12-2024,C0585,P0043,S012,In-Store,2,123.95,0.05,235.5,62.86,109.78
O01338,30-04-2024,C0239,P0092,S012,In-Store,2,210.05,0.05,399.1,179.14,40.82
O01339,28-07-2025,C0302,P0943,Online,Online,1,181.12,0.2,144.9,104.17,40.73
O01340,15-05-2025,C0137,P0064,Online,Online,2,17.33,0.05,32.93,9.83,13.27
O01341,17-12-2024,C0774,P0613,S027,In-Store,2,316.84,0.05,602,194.29,213.42
O01342,21-10-2024,C0162,P0970,S010,In-Store,2,144.34,0.1,259.81,87.38,85.05
O01343,18-02-2025,C0179,P0860,Online,Online,1,179.4,0.05,170.43,107.07,63.36
O01344,09-05-2024,C0157,P0850,Online,Online,2,321.09,0.05,610.07,178.1,253.87
O01345,18-10-2025,C0170,P0545,S045,In-Store,4,124.94,0.1,449.78,112.85,-1.62
O01346,15-10-2025,C0161,P0851,S036,In-Store,1,70.32,0.05,66.8,37.63,29.17
O01347,30-09-2025,C0435,P0352,S050,In-Store,1,289.95,0.2,231.96,191.55,40.41
O01348,15-02-2025,C0266,P0438,S051,In-Store,2,270.3,0,540.6,193.94,152.72
O01349,15-04-2024,C0302,P0769,S029,In-Store,2,264.99,0,529.98,163.47,203.04
O01350,02-05-2024,C0118,P0259,S014,In-Store,3,182.1,0,546.3,130.48,154.86
O01351,16-03-2025,C0404,P1189,S052,In-Store,1,252.18,0.05,239.57,132.49,107.08
O01352,27-12-2024,C0184,P1103,S051,In-Store,2,180.59,0.05,343.12,158.62,25.88
O01353,03-05-2024,C0051,P1041,S034,In-Store,2,127.15,0,254.3,93.33,67.64
O01354,30-06-2024,C0565,P0171,S034,In-Store,1,268.46,0,268.46,140.33,128.13
O01355,28-01-2025,C0340,P1124,Online,Online,2,67.07,0.05,127.43,39.38,48.67
O01356,21-07-2024,C0502,P0420,Online,Online,3,291.86,0.05,831.8,183.8,280.4
O01357,27-06-2024,C0091,P1060,Online,Online,2,171.11,0.2,273.78,87.1,99.58
O01358,04-02-2025,C0738,P1119,Online,Online,1,64.93,0.1,58.44,51.65,6.79
O01359,18-01-2025,C0697,P0565,S021,In-Store,2,129.36,0,258.72,77.59,103.54
O01360,12-04-2024,C0011,P0055,S044,In-Store,1,214.63,0,214.63,122.94,91.69
O01361,05-10-2024,C0740,P0062,Online,Online,2,234.63,0.05,445.8,138,169.8
O01362,08-06-2025,C0652,P1199,Online,Online,2,38.43,0.05,73.02,23.69,25.64
O01363,14-06-2024,C0100,P0899,S034,In-Store,1,118.47,0.1,106.62,99.65,6.97
O01364,05-03-2025,C0645,P0052,S022,In-Store,3,95.71,0.1,258.42,77.06,27.24
O01365,31-07-2024,C0117,P1032,S048,In-Store,1,146.59,0.1,131.93,84.11,47.82
O01366,09-03-2025,C0087,P1117,S038,In-Store,1,233.4,0.2,186.72,142.81,43.91
O01367,11-10-2025,C0534,P0156,Online,Online,1,140.3,0.1,126.27,104.23,22.04
O01368,27-04-2024,C0373,P0086,S030,In-Store,2,86.94,0,173.88,47.67,78.54
O01369,10-08-2025,C0478,P0053,Online,Online,30,222.76,0,6682.8,186.69,1082.1
O01370,29-11-2024,C0267,P0503,S040,In-Store,2,136.04,0.1,244.87,111.73,21.41
O01371,12-02-2025,C0741,P1056,Online,Online,1,57.51,0.05,54.63,32.71,21.92
O01372,29-04-2025,C0576,P0251,Online,Online,4,201.63,0.05,766.19,102.77,355.11
O01373,11-02-2025,C0523,P0466,S023,In-Store,2,135.41,0,270.82,99.14,72.54
O01374,01-03-2025,C0174,P1181,S002,In-Store,3,64.84,0,194.52,36.94,83.7
O01375,23-08-2024,C0054,P0832,Online,Online,1,149.77,0.2,119.82,102.98,16.84
O01376,09-03-2025,C0628,P1143,S022,In-Store,2,168.73,0,337.46,135.46,66.54
O01377,10-11-2024,C0797,P1076,Online,Online,2,67.84,0,135.68,57.08,21.52
O01378,15-08-2025,C0048,P0250,S016,In-Store,3,294.26,0,882.78,182.26,336
O01379,01-02-2025,C0541,P0010,Online,Online,3,99.46,0.1,268.54,77.19,36.97
O01380,26-02-2025,C0659,P0363,S030,In-Store,2,382.32,0.2,611.71,193.08,225.55
O01381,05-02-2025,C0254,P1056,Online,Online,1,57.51,0.05,54.63,32.71,21.92
O01382,15-12-2025,C0065,P0818,Online,Online,1,82,0.05,77.9,55.92,21.98
O01383,08-09-2025,C0144,P0819,S018,In-Store,2,85.93,0.05,163.27,71.29,20.69
O01384,08-01-2025,C0660,P0629,S010,In-Store,2,145.15,0,290.3,122.97,44.36
O01385,27-03-2025,C0429,P0267,S046,In-Store,1,349.07,0.2,279.26,193.29,85.97
O01386,10-11-2025,C0317,P0515,Online,Online,3,29.47,0,88.41,18.34,33.39
O01387,01-06-2025,C0298,P0798,Online,Online,3,97.75,0.1,263.92,54.63,100.03
O01388,15-03-2025,C0043,P0382,S014,In-Store,1,27.14,0.1,24.43,17.04,7.39
O01389,05-11-2024,C0699,P0382,Online,Online,1,27.14,0,27.14,17.04,10.1
O01390,28-02-2025,C0481,P0772,S050,In-Store,1,121.36,0.1,109.22,102.72,6.5
O01391,01-04-2025,C0525,P1179,S033,In-Store,2,10.41,0,20.82,7.38,6.06
O01392,23-05-2024,C0748,P0223,S035,In-Store,1,69.61,0.05,66.13,40.18,25.95
O01393,15-01-2025,C0282,P0679,S008,In-Store,3,313.82,0.2,753.17,182.52,205.61
O01394,29-04-2024,C0713,P0126,S021,In-Store,2,201.02,0,402.04,149.03,103.98
O01395,27-06-2024,C0654,P0117,S018,In-Store,2,197.56,0.05,375.36,116.12,143.12
O01396,15-08-2024,C0221,P0427,S052,In-Store,1,219.82,0.1,197.84,163.97,33.87
O01397,12-07-2025,C0538,P0527,S056,In-Store,1,33.35,0,33.35,21.07,12.28
O01398,17-07-2025,C0227,P0289,S005,In-Store,2,17.32,0,34.64,13.54,7.56
O01399,19-07-2024,C0465,P1077,S056,In-Store,1,241.53,0,241.53,148.19,93.34
O01400,22-04-2024,C0621,P0406,Online,Online,3,76.46,0,229.38,54.72,65.22
O01401,13-06-2024,C0202,P1008,Online,Online,1,308.38,0.2,246.7,173.6,73.1
O01402,16-01-2025,C0231,P0080,S054,In-Store,5,117.89,0,589.45,91.22,133.35
O01403,25-08-2024,C0085,P1034,S020,In-Store,4,200.85,0.2,642.72,126.07,138.44
O01404,14-03-2025,C0512,P0833,S046,In-Store,1,213.73,0,213.73,141.16,72.57
O01405,24-12-2024,C0189,P0427,S051,In-Store,1,219.82,0,219.82,163.97,55.85
O01406,22-07-2024,C0342,P0849,Online,Online,2,111.61,0.05,212.06,66.13,79.8
O01407,31-07-2025,C0536,P0026,Online,Online,3,324.99,0.2,779.98,164.12,287.62
O01408,10-11-2025,C0652,P1018,Online,Online,1,167.01,0.1,150.31,129.58,20.73
O01409,02-08-2025,C0610,P0245,S058,In-Store,1,271.37,0.2,217.1,152.12,64.98
O01410,19-05-2024,C0635,P0437,S039,In-Store,1,31.48,0.1,28.33,24.05,4.28
O01411,29-04-2025,C0059,P0156,S004,In-Store,2,140.3,0,280.6,104.23,72.14
O01412,18-12-2024,C0654,P1177,Online,Online,2,59.49,0.1,107.08,42.92,21.24
O01413,17-06-2024,C0406,P1085,S053,In-Store,3,42.67,0,128.01,36.58,18.27
O01414,05-03-2025,C0774,P0834,Online,Online,1,94.05,0.05,89.35,78.99,10.36
O01415,22-01-2025,C0621,P1035,Online,Online,1,130.92,0.05,124.37,71.44,52.93
O01416,25-12-2025,C0343,P0691,S005,In-Store,2,258.99,0.1,466.18,156.94,152.3
O01417,16-11-2024,C0712,P0602,Online,Online,1,235.69,0.2,188.55,188.78,-0.23
O01418,22-07-2025,C0043,P0751,S049,In-Store,1,186.43,0.1,167.79,165.31,2.48
O01419,24-04-2024,C0404,P0877,S050,In-Store,2,238.06,0,476.12,179.66,116.8
O01420,06-02-2025,C0098,P0238,S027,In-Store,2,30.72,0,61.44,27.46,6.52
O01421,20-09-2024,C0197,P0113,S013,In-Store,1,238,0.1,214.2,128.94,85.26
O01422,04-10-2024,C0622,P0181,S048,In-Store,1,323.27,0,323.27,182.57,140.7
O01423,10-06-2024,C0701,P0933,Online,Online,1,25.25,0.05,23.99,13.75,10.24
O01424,27-02-2025,C0179,P0447,Online,Online,1,173.65,0.1,156.28,138.64,17.64
O01425,18-10-2025,C0440,P1042,S027,In-Store,1,190.98,0,190.98,137.9,53.08
O01426,04-02-2025,C0496,P0869,S041,In-Store,1,216.72,0.05,205.88,171.43,34.45
O01427,14-12-2024,C0537,P0540,Online,Online,2,216.88,0,433.76,112.81,208.14
O01428,20-06-2024,C0311,P1135,Online,Online,2,65.37,0.2,104.59,47.87,8.85
O01429,15-12-2024,C0350,P0611,Online,Online,2,121.34,0.05,230.55,90.75,49.05
O01430,19-09-2025,C0217,P0478,S039,In-Store,1,229.76,0,229.76,125.39,104.37
O01431,15-02-2025,C0683,P0758,S044,In-Store,1,218.78,0,218.78,135.84,82.94
O01432,14-02-2025,C0048,P1039,S036,In-Store,1,171.77,0,171.77,101.39,70.38
O01433,11-10-2025,C0292,P1175,Online,Online,2,26.47,0,52.94,23.03,6.88
O01434,15-12-2024,C0463,P0522,S010,In-Store,3,105.69,0.2,253.66,80.25,12.91
O01435,01-12-2024,C0723,P1173,S040,In-Store,1,245.1,0.2,196.08,139.38,56.7
O01436,22-10-2025,C0586,P0769,S042,In-Store,1,264.99,0.1,238.49,163.47,75.02
O01437,01-03-2025,C0657,P0934,Online,Online,2,285.28,0.1,513.5,152.76,207.98
O01438,10-07-2024,C0396,P0749,S040,In-Store,3,165.09,0.05,470.51,141.67,45.5
O01439,30-09-2024,C0578,P0210,Online,Online,1,193.02,0.1,173.72,100.6,73.12
O01440,02-07-2024,C0476,P0398,S056,In-Store,1,218.44,0.05,207.52,149.41,58.11
O01441,18-12-2025,C0799,P0456,Online,Online,1,238.72,0.05,226.78,164.22,62.56
O01442,26-10-2025,C0440,P0827,S017,In-Store,2,92.02,0,184.04,49.7,84.64
O01443,11-03-2025,C0716,P0047,S030,In-Store,4,141,0.05,535.8,86.75,188.8
O01444,02-12-2024,C0120,P0936,S057,In-Store,2,168.37,0,336.74,140.29,56.16
O01445,06-03-2025,C0178,P0442,S017,In-Store,1,206.69,0.05,196.36,149.23,47.13
O01446,25-12-2024,C0225,P0667,S038,In-Store,2,226.67,0.1,408.01,165.65,76.71
O01447,29-06-2024,C0532,P0283,S035,In-Store,1,303.48,0,303.48,190.91,112.57
O01448,20-03-2025,C0291,P0006,S026,In-Store,1,233.12,0,233.12,147.3,85.82
O01449,23-04-2024,C0711,P1159,S021,In-Store,2,308.05,0,616.1,194.07,227.96
O01450,16-11-2024,C0396,P0301,S048,In-Store,2,291.59,0.1,524.86,170.49,183.88
O01451,04-11-2024,C0150,P0889,S005,In-Store,2,13.19,0.2,21.1,9.16,2.78
O01452,23-12-2025,C0352,P0833,S059,In-Store,1,213.73,0.05,203.04,141.16,61.88
O01453,25-07-2024,C0493,P0872,Online,Online,3,72.76,0.05,207.37,60.01,27.34
O01454,12-06-2025,C0541,P0642,S059,In-Store,2,258.83,0,517.66,171.06,175.54
O01455,19-07-2025,C0196,P0546,S009,In-Store,1,196.72,0.05,186.88,149.22,37.66
O01456,28-10-2025,C0791,P0636,S017,In-Store,3,168.98,0,506.94,119.44,148.62
O01457,28-12-2025,C0168,P0979,S000,In-Store,1,117.11,0,117.11,65.36,51.75
O01458,23-07-2025,C0526,P0889,S058,In-Store,1,13.19,0.2,10.55,9.16,1.39
O01459,13-03-2025,C0056,P0239,S048,In-Store,1,322.42,0.2,257.94,167.25,90.69
O01460,31-12-2024,C0076,P0166,S052,In-Store,1,344.93,0.1,310.44,174.83,135.61
O01461,23-07-2025,C0026,P0098,S024,In-Store,2,120.73,0,241.46,70.55,100.36
O01462,07-06-2024,C0285,P0164,Online,Online,1,58.32,0,58.32,29.62,28.7
O01463,16-11-2025,C0329,P0111,S049,In-Store,1,184.61,0.05,175.38,108.89,66.49
O01464,03-09-2024,C0534,P0401,S017,In-Store,1,93.92,0.2,75.14,58.66,16.48
O01465,13-06-2025,C0642,P0294,Online,Online,1,139.28,0.1,125.35,76.63,48.72
O01466,04-02-2025,C0286,P0553,Online,Online,1,31.56,0.2,25.25,19.59,5.66
O01467,28-06-2024,C0613,P0576,S003,In-Store,1,323.53,0.2,258.82,179.67,79.15
O01468,22-12-2025,C0743,P0825,S026,In-Store,1,138.88,0.05,131.94,97.93,34.01
O01469,31-12-2025,C0352,P0039,S005,In-Store,1,29.71,0.2,23.77,14.86,8.91
O01470,01-02-2025,C0485,P0787,S010,In-Store,2,220.2,0,440.4,178.71,82.98
O01471,18-01-2025,C0269,P0046,S033,In-Store,1,53.96,0.1,48.56,28.38,20.18
O01472,13-05-2025,C0199,P0406,Online,Online,2,76.46,0.05,145.27,54.72,35.83
O01473,05-11-2024,C0135,P0643,S059,In-Store,1,252.43,0.05,239.81,137.05,102.76
O01474,24-01-2025,C0410,P0222,S059,In-Store,2,213.61,0,427.22,116.95,193.32
O01475,13-02-2025,C0209,P0336,S005,In-Store,30,310.73,0.05,8855.8,177.08,3543.4
O01476,09-04-2025,C0115,P0448,S015,In-Store,2,117.04,0.1,210.67,101.16,8.35
O01477,22-06-2025,C0507,P1118,S022,In-Store,1,179.99,0.2,143.99,140.01,3.98
O01478,04-09-2024,C0223,P0916,Online,Online,2,117.56,0.1,211.61,94.77,22.07
O01479,07-11-2025,C0606,P0100,S010,In-Store,1,31.75,0.1,28.58,21.37,7.21
O01480,09-05-2024,C0405,P0602,S052,In-Store,2,235.69,0,471.38,188.78,93.82
O01481,23-01-2025,C0291,P0108,Online,Online,1,29.29,0.05,27.83,26.08,1.75
O01482,11-03-2025,C0104,P0815,S006,In-Store,1,186.83,0.05,177.49,105.96,71.53
O01483,18-08-2024,C0758,P1023,S010,In-Store,2,16.77,0.05,31.86,14.89,2.08
O01484,29-08-2024,C0165,P0188,S057,In-Store,1,302.59,0.05,287.46,172.73,114.73
O01485,09-11-2024,C0198,P0534,S026,In-Store,1,53.64,0.05,50.96,29.75,21.21
O01486,07-05-2024,C0348,P1006,S043,In-Store,1,262.46,0.2,209.97,194.07,15.9
O01487,08-03-2025,C0436,P0474,S034,In-Store,1,140.16,0.05,133.15,80.82,52.33
O01488,21-08-2024,C0527,P0362,S020,In-Store,1,149.41,0.2,119.53,85.59,33.94
O01489,20-11-2024,C0234,P1172,S047,In-Store,2,354.52,0,709.04,179.72,349.6
O01490,20-06-2025,C0719,P0891,S040,In-Store,1,183.58,0.2,146.86,115.51,31.35
O01491,28-04-2025,C0121,P0928,S003,In-Store,2,175.55,0.2,280.88,114.06,52.76
O01492,15-06-2024,C0508,P0483,S033,In-Store,2,292.81,0.05,556.34,190.61,175.12
O01493,02-07-2024,C0015,P0747,S024,In-Store,1,127.24,0.05,120.88,84.49,36.39
O01494,08-08-2025,C0175,P0369,Online,Online,2,314.41,0.1,565.94,197.87,170.2
O01495,27-03-2025,C0163,P0176,S043,In-Store,2,273.81,0.1,492.86,180.29,132.28
O01496,19-08-2025,C0343,P1104,S059,In-Store,1,354.64,0,354.64,188.32,166.32
O01497,17-06-2024,C0414,P1166,Online,Online,2,50.99,0,101.98,40.54,20.9
O01498,03-08-2025,C0788,P0356,Online,Online,1,98.78,0.05,93.84,61.12,32.72
O01499,10-07-2024,C0407,P0935,S002,In-Store,2,367.55,0.1,661.59,190.04,281.51
O01500,28-01-2025,C0638,P1109,Online,Online,1,200.18,0,200.18,121.02,79.16
O01501,31-12-2024,C0129,P0077,S051,In-Store,1,194.08,0,194.08,134.66,59.42
O01502,04-08-2025,C0708,P0470,S034,In-Store,1,224.53,0.2,179.62,131.35,48.27
O01503,12-10-2025,C0612,P0513,S018,In-Store,1,27.18,0.05,25.82,18.81,7.01
O01504,29-05-2025,C0620,P0691,S039,In-Store,1,258.99,0,258.99,156.94,102.05
O01505,25-04-2024,C0290,P0710,S034,In-Store,1,23.5,0.2,18.8,14.07,4.73
O01506,07-05-2024,C0769,P0073,S028,In-Store,1,10.3,0,10.3,5.33,4.97
O01507,13-10-2024,C0183,P0481,S025,In-Store,2,134.56,0.2,215.3,87.49,40.32
O01508,26-12-2024,C0200,P1104,S042,In-Store,1,354.64,0.05,336.91,188.32,148.59
O01509,06-09-2025,C0630,P0925,Online,Online,2,65.74,0,131.48,48.31,34.86
O01510,14-09-2025,C0065,P0944,S034,In-Store,1,64.12,0.2,51.3,41.35,9.95
O01511,28-12-2025,C0153,P1176,S032,In-Store,3,50.72,0.2,121.73,43.16,-7.75
O01512,22-09-2024,C0157,P0265,Online,In-Store,1,145.45,0.05,138.18,85.12,53.06
O01513,02-10-2025,C0767,P0078,S034,In-Store,2,123.08,0.1,221.54,111.85,-2.16
O01514,05-10-2024,C0000,P0816,S043,In-Store,3,235.03,0.05,669.84,146.6,230.04
O01515,06-05-2024,C0712,P0551,S042,In-Store,2,170.18,0.1,306.32,143.77,18.78
O01516,24-12-2024,C0399,P0780,S021,In-Store,1,253.19,0.2,202.55,194.67,7.88
O01517,18-07-2025,C0031,P0255,Online,Online,1,21.15,0.05,20.09,17.85,2.24
O01518,20-04-2024,C0350,P0767,Online,Online,3,316.79,0.05,902.85,169.15,395.4
O01519,11-05-2024,C0402,P0943,S012,In-Store,1,181.12,0.05,172.06,104.17,67.89
O01520,02-09-2025,C0626,P0602,Online,Online,1,235.69,0.05,223.91,188.78,35.13
O01521,02-04-2025,C0136,P1090,S054,In-Store,1,32.87,0.1,29.58,18.73,10.85
O01522,31-08-2025,C0227,P0398,S057,In-Store,3,218.44,0,655.32,149.41,207.09
O01523,03-10-2025,C0168,P0533,Online,Online,2,299.75,0.1,539.55,190.84,157.87
O01524,20-07-2025,C0779,P0691,S059,In-Store,1,258.99,0.2,207.19,156.94,50.25
O01525,10-02-2025,C0351,P0796,Online,Online,1,87.96,0.05,83.56,77.22,6.34
O01526,01-10-2024,C0603,P0453,S014,In-Store,1,104.45,0.1,94.01,63.58,30.43
O01527,29-06-2025,C0179,P0757,Online,Online,1,88.95,0,88.95,48.05,40.9
O01528,26-04-2024,C0400,P0756,S017,In-Store,2,338.92,0.2,542.27,181.6,179.07
O01529,05-09-2025,C0395,P1144,S039,In-Store,1,116.88,0.1,105.19,95.43,9.76
O01530,17-06-2024,C0791,P0588,S014,In-Store,3,165.38,0,496.14,131.59,101.37
O01531,29-04-2025,C0643,P0245,Online,In-Store,2,271.37,0,542.74,152.12,238.5
O01532,11-12-2024,C0115,P0985,S010,In-Store,3,57.24,0,171.72,33.91,69.99
O01533,05-11-2025,C0721,P0683,S017,In-Store,1,27.06,0,27.06,14.77,12.29
O01534,16-02-2025,C0372,P0430,S005,In-Store,1,126.13,0.1,113.52,78.96,34.56
O01535,29-01-2025,C0110,P0669,S012,In-Store,1,95.28,0,95.28,75.05,20.23
O01536,27-02-2025,C0177,P0749,S013,In-Store,1,165.09,0.2,132.07,141.67,-9.6
O01537,08-07-2025,C0537,P0199,Online,Online,2,115.92,0.2,185.47,58.8,67.87
O01538,06-09-2024,C0324,P0093,Online,Online,3,243.56,0.1,657.61,140.32,236.65
O01539,23-02-2025,C0153,P0223,Online,Online,1,69.61,0,69.61,40.18,29.43
O01540,12-05-2025,C0362,P0363,S039,In-Store,1,382.32,0,382.32,193.08,189.24
O01541,16-04-2025,C0536,P0968,S038,In-Store,1,177.96,0.05,169.06,113.75,55.31
O01542,11-08-2024,C0006,P0556,S015,In-Store,1,44.06,0.1,39.65,35.31,4.34
O01543,09-08-2024,C0140,P0677,S058,In-Store,2,244.62,0.2,391.39,158.03,75.33
O01544,16-07-2024,C0332,P1195,S050,In-Store,1,21.82,0.2,17.46,15.31,2.15
O01545,15-01-2025,C0286,P0611,S008,In-Store,1,121.34,0.2,97.07,90.75,6.32
O01546,26-03-2025,C0522,P0690,S057,In-Store,1,140.54,0.1,126.49,86.13,40.36
O01547,03-07-2024,C0347,P1038,S023,In-Store,1,95.34,0.1,85.81,65.07,20.74
O01548,09-11-2024,C0628,P0589,Online,Online,1,138.7,0.05,131.76,78.78,52.98
O01549,02-01-2025,C0629,P0243,S051,In-Store,1,62.91,0.2,50.33,51.07,-0.74
O01550,13-11-2024,C0026,P0278,S000,In-Store,1,267.49,0,267.49,167.82,99.67
O01551,03-03-2025,C0314,P0762,S037,In-Store,1,116.9,0.05,111.06,69.03,42.03
O01552,19-06-2025,C0242,P0268,S052,In-Store,2,128.63,0,257.26,95.03,67.2
O01553,25-01-2025,C0324,P0141,Online,Online,3,30.16,0.1,81.43,16.63,31.54
O01554,25-09-2025,C0034,P1068,Online,Online,2,222.82,0.2,356.51,121.13,114.25
O01555,22-06-2024,C0186,P0205,Online,Online,2,14.31,0.1,25.76,7.9,9.96
O01556,03-09-2024,C0537,P0784,S039,In-Store,1,285.28,0.2,228.22,163.18,65.04
O01557,27-01-2025,C0706,P0454,Online,In-Store,2,57.81,0.2,92.5,39.64,13.22
O01558,18-09-2025,C0299,P0846,Online,Online,1,257.54,0,257.54,178.48,79.06
O01559,29-12-2024,C0527,P0343,S018,In-Store,1,135.09,0.05,128.34,81.63,46.71
O01560,02-11-2024,C0071,P1076,Online,Online,1,67.84,0.05,64.45,57.08,7.37
O01561,27-07-2024,C0108,P0273,Online,Online,3,125.14,0,375.42,85.9,117.72
O01562,05-06-2025,C0621,P0293,S041,In-Store,2,259.84,0,519.68,179.45,160.78
O01563,15-09-2024,C0639,P0189,Online,Online,2,177.09,0,354.18,159.18,35.82
O01564,30-11-2024,C0532,P0501,S031,In-Store,1,310.14,0.05,294.63,170.77,123.86
O01565,08-03-2025,C0566,P0948,S034,In-Store,1,335.29,0.05,318.53,176.34,142.19
O01566,26-11-2025,C0413,P1062,S042,In-Store,2,206.93,0.2,331.09,127.71,75.67
O01567,14-07-2024,C0185,P0716,S020,In-Store,2,380.68,0.1,685.22,192.9,299.42
O01568,06-04-2025,C0371,P1151,S030,In-Store,1,258.14,0.05,245.23,196.34,48.89
O01569,30-11-2025,C0584,P0066,S039,In-Store,1,224.19,0,224.19,172.43,51.76
O01570,25-09-2024,C0794,P0928,Online,In-Store,1,175.55,0.05,166.77,114.06,52.71
O01571,13-05-2024,C0401,P0108,S011,In-Store,2,29.29,0.2,46.86,26.08,-5.3
O01572,06-02-2025,C0660,P0960,Online,Online,1,169.27,0.2,135.42,102.95,32.47
O01573,05-09-2025,C0203,P0907,S046,In-Store,1,221.46,0.05,210.39,177.15,33.24
O01574,27-10-2024,C0671,P1193,S053,In-Store,2,169.77,0,339.54,104.94,129.66
O01575,16-05-2024,C0176,P0317,S036,In-Store,2,171.54,0.05,325.93,89.36,147.21
O01576,04-06-2024,C0175,P0206,S051,In-Store,2,44.72,0.1,80.5,38.98,2.54
O01577,14-05-2024,C0599,P0154,S015,In-Store,2,179.52,0.05,341.09,112.41,116.27
O01578,07-03-2025,C0170,P0665,S044,In-Store,1,9.37,0.05,8.9,8.49,0.41
O01579,07-01-2025,C0553,P0416,S017,In-Store,1,166.68,0.1,150.01,149.54,0.47
O01580,06-01-2025,C0125,P1001,S029,In-Store,1,125.39,0.2,100.31,71.57,28.74
O01581,02-06-2024,C0402,P0593,Online,Online,3,71.58,0,214.74,37.74,101.52
O01582,19-03-2025,C0267,P0519,S017,In-Store,3,89.59,0.2,215.02,53.32,55.06
O01583,21-12-2024,C0742,P0238,Online,Online,2,30.72,0.2,49.15,27.46,-5.77
O01584,26-05-2025,C0596,P0898,Online,Online,2,204.25,0.05,388.08,167.86,52.36
O01585,16-09-2024,C0165,P0113,S042,In-Store,2,238,0.2,380.8,128.94,122.92
O01586,09-08-2025,C0509,P0230,Online,Online,1,73.43,0.1,66.09,47.04,19.05
O01587,19-07-2025,C0571,P1062,Online,Online,1,206.93,0.05,196.58,127.71,68.87
O01588,14-02-2025,C0691,P0201,Online,Online,3,63.7,0.1,171.99,52.5,14.49
O01589,03-12-2024,C0572,P0111,S011,In-Store,1,184.61,0,184.61,108.89,75.72
O01590,21-08-2024,C0271,P1135,S051,In-Store,3,65.37,0.2,156.89,47.87,13.28
O01591,18-01-2025,C0518,P1165,S043,In-Store,1,111.55,0.05,105.97,73.86,32.11
O01592,10-07-2024,C0739,P0762,S022,In-Store,3,116.9,0.05,333.16,69.03,126.07
O01593,22-12-2024,C0547,P0807,S051,In-Store,1,135.25,0,135.25,80.88,54.37
O01594,23-07-2024,C0284,P0618,Online,Online,2,223.33,0.2,357.33,167.65,22.03
O01595,07-10-2024,C0586,P1175,S029,In-Store,1,26.47,0,26.47,23.03,3.44
O01596,31-01-2025,C0166,P0430,S036,In-Store,1,126.13,0,126.13,78.96,47.17
O01597,02-05-2025,C0152,P1182,Online,Online,2,275.08,0.1,495.14,167.92,159.3
O01598,22-09-2024,C0094,P0620,Online,Online,3,263.03,0.1,710.18,158.38,235.04
O01599,15-04-2024,C0752,P1047,Online,Online,1,126.31,0.05,119.99,79.41,40.58
O01600,09-10-2025,C0590,P0851,S005,In-Store,1,70.32,0.05,66.8,37.63,29.17
O01601,26-01-2025,C0511,P0190,S007,In-Store,1,232.24,0.05,220.63,136.2,84.43
O01602,07-08-2024,C0648,P0309,S007,In-Store,1,364.92,0.05,346.67,199.47,147.2
O01603,16-02-2025,C0703,P0942,S048,In-Store,2,193.87,0.05,368.35,173.54,21.27
O01604,05-02-2025,C0620,P0182,Online,Online,2,60.65,0.2,97.04,47.71,1.62
O01605,03-05-2025,C0132,P0370,Online,Online,1,106.39,0,106.39,58.2,48.19
O01606,18-09-2025,C0740,P0702,S059,In-Store,3,286.8,0.2,688.32,178.57,152.61
O01607,19-07-2025,C0202,P0438,Online,Online,2,270.3,0.05,513.57,193.94,125.69
O01608,17-08-2025,C0345,P0426,S042,In-Store,1,289.27,0.05,274.81,184.02,90.79
O01609,10-06-2025,C0681,P0617,S006,In-Store,1,43.85,0.05,41.66,29.61,12.05
O01610,18-01-2025,C0288,P0360,Online,Online,1,46.47,0.1,41.82,26.3,15.52
O01611,25-01-2025,C0571,P0808,S008,In-Store,1,276.8,0.1,249.12,185.54,63.58
O01612,21-12-2025,C0590,P0668,S009,In-Store,2,153.87,0.1,276.97,89.56,97.85
O01613,19-12-2024,C0017,P0510,Online,Online,2,156.58,0.1,281.84,142.22,-2.6
O01614,25-04-2025,C0358,P0779,S004,In-Store,1,113.02,0,113.02,78.45,34.57
O01615,14-11-2025,C0219,P1165,S008,In-Store,2,111.55,0.2,178.48,73.86,30.76
O01616,29-01-2025,C0794,P0199,Online,Online,2,115.92,0.2,185.47,58.8,67.87
O01617,16-09-2025,C0282,P0390,S022,In-Store,3,178.02,0.1,480.65,92.46,203.27
O01618,06-09-2025,C0396,P0628,S008,In-Store,2,112.51,0.05,213.77,63.59,86.59
O01619,29-11-2024,C0265,P0153,S049,In-Store,2,56.67,0.05,107.67,28.68,50.31
O01620,16-06-2025,C0493,P0110,S023,In-Store,2,280.19,0.05,532.36,170.81,190.74
O01621,28-02-2025,C0570,P1013,Online,Online,2,325.64,0.05,618.72,185.11,248.5
O01622,29-09-2024,C0062,P0907,S005,In-Store,3,221.46,0.2,531.5,177.15,0.05
O01623,21-08-2025,C0604,P0045,S008,In-Store,1,198.66,0.05,188.73,171.01,17.72
O01624,21-03-2025,C0543,P0219,S016,In-Store,1,125.63,0.05,119.35,73.95,45.4
O01625,09-07-2025,C0700,P0015,Online,Online,1,157.98,0.1,142.18,82.15,60.03
O01626,06-04-2025,C0060,P0255,Online,Online,2,21.15,0.1,38.07,17.85,2.37
O01627,06-04-2025,C0415,P1016,S049,In-Store,3,321,0.2,770.4,186.81,209.97
O01628,13-04-2025,C0636,P0631,S023,In-Store,1,30.95,0.2,24.76,17.8,6.96
O01629,12-05-2025,C0797,P0712,S027,In-Store,1,124,0.05,117.8,108.42,9.38
O01630,26-09-2024,C0257,P0982,S008,In-Store,1,83.76,0.1,75.38,51.39,23.99
O01631,06-10-2025,C0002,P0226,Online,Online,2,122.21,0,244.42,86.87,70.68
O01632,20-03-2025,C0396,P1053,Online,Online,2,94.13,0.05,178.85,74.28,30.29
O01633,15-03-2025,C0754,P0844,S006,In-Store,2,106.04,0.2,169.66,72.11,25.44
O01634,05-05-2025,C0781,P0184,S027,In-Store,1,207.61,0,207.61,118.02,89.59
O01635,01-02-2025,C0529,P0199,S042,In-Store,1,115.92,0.1,104.33,58.8,45.53
O01636,08-03-2025,C0151,P0093,Online,Online,2,243.56,0,487.12,140.32,206.48
O01637,10-09-2024,C0721,P0124,S012,In-Store,1,76.7,0,76.7,57.83,18.87
O01638,01-03-2025,C0104,P0504,Online,Online,4,23.22,0.05,88.24,13.96,32.4
O01639,25-04-2025,C0048,P0589,S033,In-Store,2,138.7,0.1,249.66,78.78,92.1
O01640,28-12-2024,C0204,P0820,Online,Online,1,310.73,0.05,295.19,193.38,101.81
O01641,30-11-2025,C0578,P0891,Online,Online,1,183.58,0.1,165.22,115.51,49.71
O01642,10-01-2025,C0720,P0879,S031,In-Store,1,168.21,0,168.21,148.84,19.37
O01643,16-02-2025,C0574,P0011,S042,In-Store,1,144.13,0.05,136.92,109.16,27.76
O01644,15-06-2024,C0160,P0900,S053,In-Store,3,18.92,0.2,45.41,14.57,1.7
O01645,16-04-2025,C0447,P0304,Online,Online,2,138.55,0,277.1,77.54,122.02
O01646,02-05-2024,C0141,P0972,Online,Online,1,113.58,0,113.58,81.65,31.93
O01647,20-10-2024,C0412,P0849,S019,In-Store,3,111.61,0.1,301.35,66.13,102.96
O01648,02-03-2025,C0025,P0138,S003,In-Store,2,87.06,0.2,139.3,50.14,39.02
O01649,26-01-2025,C0682,P0957,Online,Online,2,264.21,0.1,475.58,192.43,90.72
O01650,30-08-2024,C0766,P0537,S034,In-Store,1,101.98,0,101.98,76.7,25.28
O01651,11-04-2024,C0576,P0552,S020,In-Store,2,167.38,0.05,318.02,94.4,129.22
O01652,25-10-2024,C0724,P0134,S011,In-Store,2,249.13,0,498.26,182.16,133.94
O01653,15-06-2025,C0623,P1027,Online,Online,1,110.09,0.1,99.08,65.53,33.55
O01654,17-02-2025,C0612,P1017,S025,In-Store,4,212.78,0.2,680.9,178.39,-32.66
O01655,08-05-2024,C0663,P0133,Online,Online,3,50.24,0.2,120.58,28.1,36.28
O01656,29-08-2025,C0424,P0782,S047,In-Store,1,43.61,0.1,39.25,37.29,1.96
O01657,13-06-2024,C0391,P0203,Online,Online,1,259.84,0.2,207.87,158.79,49.08
O01658,04-03-2025,C0050,P0993,S017,In-Store,2,170.79,0.05,324.5,99.31,125.88
O01659,26-08-2024,C0178,P0660,S013,In-Store,2,161.23,0.1,290.21,128.05,34.11
O01660,05-06-2025,C0116,P0913,S004,In-Store,2,211.23,0.1,380.21,105.93,168.35
O01661,21-04-2024,C0441,P0285,Online,Online,2,86.63,0.2,138.61,74.63,-10.65
O01662,10-10-2025,C0471,P1107,S006,In-Store,2,333.55,0,667.1,181.41,304.28
O01663,14-10-2024,C0162,P0056,S042,In-Store,3,103.48,0.1,279.4,53.97,117.49
O01664,06-07-2024,C0558,P0171,Online,Online,2,268.46,0.2,429.54,140.33,148.88
O01665,11-03-2025,C0114,P0171,S001,In-Store,1,268.46,0.1,241.61,140.33,101.28
O01666,26-06-2025,C0520,P0062,S054,In-Store,3,234.63,0,703.89,138,289.89
O01667,10-03-2025,C0408,P0532,S008,In-Store,3,49.14,0.05,140.05,28.29,55.18
O01668,05-07-2024,C0462,P0729,S047,In-Store,5,183.66,0.05,872.38,92.52,409.78
O01669,05-03-2025,C0450,P1038,S059,In-Store,1,95.34,0,95.34,65.07,30.27
O01670,27-07-2024,C0063,P0052,Online,Online,2,95.71,0,191.42,77.06,37.3
O01671,14-01-2025,C0327,P0969,S053,In-Store,1,171.98,0.05,163.38,90.71,72.67
O01672,03-10-2025,C0389,P1153,Online,Online,2,152.8,0.2,244.48,103.2,38.08
O01673,29-12-2025,C0663,P0172,S032,In-Store,1,89.42,0.2,71.54,62.21,9.33
O01674,01-11-2025,C0604,P0553,S038,In-Store,3,31.56,0.2,75.74,19.59,16.97
O01675,19-04-2025,C0516,P0308,S048,In-Store,1,53.99,0.2,43.19,28.91,14.28
O01676,25-05-2024,C0686,P0977,S003,In-Store,1,17,0.1,15.3,13.56,1.74
O01677,12-07-2024,C0363,P0469,S016,In-Store,1,116.24,0,116.24,63.55,52.69
O01678,25-07-2025,C0433,P0230,S002,In-Store,1,73.43,0.2,58.74,47.04,11.7
O01679,16-09-2025,C0657,P0508,Online,Online,2,35.78,0.1,64.4,21.07,22.26
O01680,30-07-2024,C0707,P1132,S021,In-Store,1,117.68,0.2,94.14,77.83,16.31
O01681,08-04-2025,C0797,P0942,S054,In-Store,2,193.87,0.2,310.19,173.54,-36.89
O01682,20-01-2025,C0655,P0092,S059,In-Store,1,210.05,0.2,168.04,179.14,-11.1
O01683,08-12-2024,C0289,P0770,S015,In-Store,1,221.83,0.1,199.65,110.98,88.67
O01684,29-04-2024,C0439,P0052,Online,Online,3,95.71,0.1,258.42,77.06,27.24
O01685,04-08-2024,C0454,P0023,Online,Online,2,97.03,0.1,174.65,77.91,18.83
O01686,19-05-2025,C0145,P0327,S022,In-Store,1,277.77,0.05,263.88,148.17,115.71
O01687,01-10-2025,C0416,P0563,S008,In-Store,1,45.12,0,45.12,24.87,20.25
O01688,23-04-2025,C0587,P0454,Online,Online,2,57.81,0.2,92.5,39.64,13.22
O01689,12-06-2025,C0513,P0466,S056,In-Store,2,135.41,0.2,216.66,99.14,18.38
O01690,04-11-2024,C0264,P0809,S048,In-Store,1,127.42,0.2,101.94,77.31,24.63
O01691,28-03-2025,C0069,P0870,Online,Online,2,168.73,0,337.46,125.46,86.54
O01692,09-11-2025,C0075,P0439,S007,In-Store,1,79.07,0.05,75.12,49.49,25.63
O01693,26-12-2025,C0773,P0334,Online,In-Store,1,135.83,0.05,129.04,118.75,10.29
O01694,12-10-2025,C0110,P0476,Online,Online,1,52.23,0.2,41.78,43.43,-1.65
O01695,22-09-2024,C0349,P0382,S002,In-Store,2,27.14,0.1,48.85,17.04,14.77
O01696,25-07-2025,C0523,P0193,S049,In-Store,2,62.96,0,125.92,32.26,61.4
O01697,24-02-2025,C0368,P0570,S031,In-Store,1,245.4,0.05,233.13,182.12,51.01
O01698,29-10-2025,C0631,P0199,S041,In-Store,1,115.92,0,115.92,58.8,57.12
O01699,04-01-2025,C0713,P0592,Online,Online,2,57.43,0.2,91.89,32.43,27.03
O01700,24-04-2025,C0064,P0962,S030,In-Store,1,166.96,0,166.96,84.67,82.29
O01701,15-03-2025,C0129,P0529,S036,In-Store,1,135.66,0,135.66,81.19,54.47
O01702,17-06-2025,C0746,P0005,S029,In-Store,1,112.55,0.05,106.92,79.09,27.83
O01703,22-07-2025,C0081,P0906,Online,Online,2,269.33,0,538.66,150.49,237.68
O01704,12-05-2024,C0334,P0378,S040,In-Store,1,99.58,0.2,79.66,76.67,2.99
O01705,21-03-2025,C0559,P0864,Online,In-Store,1,113.48,0.05,107.81,63.42,44.39
O01706,15-09-2025,C0595,P0810,S035,In-Store,4,235.44,0.2,753.41,143.76,178.37
O01707,08-05-2025,C0518,P0780,S044,In-Store,1,253.19,0,253.19,194.67,58.52
O01708,01-02-2025,C0602,P0534,S051,In-Store,1,53.64,0,53.64,29.75,23.89
O01709,20-09-2025,C0628,P0276,S043,In-Store,2,112.54,0.05,213.83,60.94,91.95
O01710,16-07-2025,C0703,P0978,S015,In-Store,1,219.94,0.2,175.95,174.42,1.53
O01711,30-12-2024,C0045,P0719,Online,Online,1,330.88,0.2,264.7,196.36,68.34
O01712,29-01-2025,C0699,P0126,Online,Online,1,201.02,0.2,160.82,149.03,11.79
O01713,22-10-2025,C0321,P0509,S045,In-Store,1,222.66,0.05,211.53,126.99,84.54
O01714,06-02-2025,C0593,P0532,S038,In-Store,3,49.14,0,147.42,28.29,62.55
O01715,24-07-2025,C0007,P0100,Online,Online,2,31.75,0.1,57.15,21.37,14.41
O01716,10-10-2024,C0305,P1086,S016,In-Store,2,80.63,0.05,153.2,69.87,13.46
O01717,03-12-2024,C0385,P0768,S017,In-Store,1,246.33,0.2,197.06,148.04,49.02
O01718,05-02-2025,C0420,P0102,S027,In-Store,1,221.14,0.1,199.03,153.44,45.59
O01719,16-10-2024,C0572,P0636,S055,In-Store,1,168.98,0.1,152.08,119.44,32.64
O01720,06-02-2025,C0453,P0696,S001,In-Store,1,157.7,0.2,126.16,103.59,22.57
O01721,03-02-2025,C0315,P0653,S012,In-Store,2,62.89,0,125.78,48.34,29.1
O01722,04-08-2025,C0248,P0756,Online,Online,2,338.92,0.2,542.27,181.6,179.07
O01723,30-01-2025,C0396,P0267,S011,In-Store,1,349.07,0.2,279.26,193.29,85.97
O01724,21-06-2025,C0296,P0110,Online,Online,1,280.19,0.1,252.17,170.81,81.36
O01725,30-08-2025,C0355,P0468,S000,In-Store,1,146.22,0.2,116.98,97.85,19.13
O01726,01-07-2025,C0191,P0242,Online,Online,2,138.25,0.1,248.85,108.47,31.91
O01727,17-11-2025,C0780,P0925,S056,In-Store,2,65.74,0.2,105.18,48.31,8.56
O01728,08-10-2024,C0485,P0636,S048,In-Store,1,168.98,0.1,152.08,119.44,32.64
O01729,21-09-2024,C0399,P0056,Online,Online,2,103.48,0.05,196.61,53.97,88.67
O01730,28-08-2024,C0102,P0189,S054,In-Store,2,177.09,0.1,318.76,159.18,0.4
O01731,25-02-2025,C0529,P0795,S000,In-Store,1,255.38,0,255.38,133.58,121.8
O01732,23-01-2025,C0602,P1057,S030,In-Store,2,176.53,0.2,282.45,107.05,68.35
O01733,03-02-2025,C0130,P0401,S011,In-Store,4,93.92,0.1,338.11,58.66,103.47
O01734,10-02-2025,C0526,P0027,S017,In-Store,1,236.79,0.2,189.43,189.64,-0.21
O01735,30-04-2025,C0735,P0836,S054,In-Store,2,60.54,0.05,115.03,40.86,33.31
O01736,17-07-2025,C0435,P0155,Online,Online,1,114.52,0,114.52,94.98,19.54
O01737,15-08-2025,C0054,P0417,Online,In-Store,2,56.54,0.2,90.46,43.26,3.94
O01738,11-11-2024,C0440,P0708,S046,In-Store,2,157.48,0.2,251.97,124.12,3.73
O01739,19-11-2024,C0545,P0098,S022,In-Store,2,120.73,0.05,229.39,70.55,88.29
O01740,11-03-2025,C0271,P1052,Online,Online,1,190.93,0.05,181.38,126.53,54.85
O01741,20-06-2025,C0570,P0476,S056,In-Store,2,52.23,0.1,94.01,43.43,7.15
O01742,08-01-2025,C0770,P0549,Online,Online,3,8.95,0.2,21.48,5.29,5.61
O01743,09-09-2025,C0668,P0752,Online,Online,2,273.69,0.2,437.9,150.62,136.66
O01744,09-01-2025,C0149,P0403,S004,In-Store,2,115.91,0,231.82,84.61,62.6
O01745,27-01-2025,C0198,P0315,S028,In-Store,1,193.09,0.1,173.78,165.55,8.23
O01746,07-02-2025,C0629,P1006,S039,In-Store,2,262.46,0,524.92,194.07,136.78
O01747,12-04-2025,C0792,P0815,S015,In-Store,2,186.83,0.1,336.29,105.96,124.37
O01748,01-08-2025,C0694,P0340,S001,In-Store,1,68.28,0.05,64.87,43.82,21.05
O01749,07-07-2024,C0568,P1103,S010,In-Store,2,180.59,0,361.18,158.62,43.94
O01750,05-04-2025,C0362,P0025,S003,In-Store,1,83.7,0,83.7,51.97,31.73
O01751,21-09-2024,C0396,P0505,S016,In-Store,1,231.34,0.1,208.21,186.24,21.97
O01752,05-02-2025,C0199,P0067,S050,In-Store,2,310.89,0.05,590.69,165,260.69
O01753,30-03-2025,C0558,P1030,S017,In-Store,2,115.95,0.05,220.3,100.06,20.18
O01754,13-01-2025,C0235,P0625,Online,Online,1,249.56,0,249.56,178.47,71.09
O01755,21-05-2024,C0732,P0811,S032,In-Store,3,13.23,0.1,35.72,7.09,14.45
O01756,09-07-2024,C0068,P0870,S011,In-Store,2,168.73,0.1,303.71,125.46,52.79
O01757,10-07-2025,C0686,P0736,Online,Online,1,62.18,0.2,49.74,48.13,1.61
O01758,09-07-2024,C0544,P0430,S056,In-Store,1,126.13,0.1,113.52,78.96,34.56
O01759,13-08-2025,C0486,P0445,S050,In-Store,1,35.94,0,35.94,22.48,13.46
O01760,26-11-2025,C0702,P0656,Online,Online,1,192.95,0,192.95,102.59,90.36
O01761,04-08-2024,C0467,P1028,S016,In-Store,2,233.27,0.2,373.23,189.75,-6.27
O01762,15-10-2024,C0581,P1186,S037,In-Store,1,227.61,0.05,216.23,167.3,48.93
O01763,25-01-2025,C0782,P0124,S020,In-Store,1,76.7,0.2,61.36,57.83,3.53
O01764,27-06-2025,C0136,P0981,Online,Online,1,11.42,0.2,9.14,7.38,1.76
O01765,09-08-2024,C0259,P0771,Online,Online,1,155.11,0,155.11,81.54,73.57
O01766,21-04-2024,C0612,P1106,S024,In-Store,2,88.1,0.1,158.58,52.32,53.94
O01767,31-03-2025,C0135,P0417,S041,In-Store,1,56.54,0.05,53.71,43.26,10.45
O01768,07-02-2025,C0166,P1067,Online,Online,3,301.78,0,905.34,160.88,422.7
O01769,31-07-2024,C0115,P1125,S025,In-Store,1,90.35,0.05,85.83,60.59,25.24
O01770,20-03-2025,C0580,P0430,S033,In-Store,3,126.13,0,378.39,78.96,141.51
O01771,13-04-2024,C0570,P0434,Online,Online,1,257.4,0,257.4,186.11,71.29
O01772,27-09-2025,C0119,P0030,Online,Online,2,132.5,0.05,251.75,119.75,12.25
O01773,04-12-2024,C0016,P0129,S024,In-Store,2,27.78,0.2,44.45,25,-5.55
O01774,10-01-2025,C0117,P0092,S032,In-Store,3,210.05,0.2,504.12,179.14,-33.3
O01775,11-09-2024,C0124,P0022,S052,In-Store,1,124.36,0.1,111.92,104,7.92
O01776,08-09-2024,C0392,P0190,Online,Online,1,232.24,0.05,220.63,136.2,84.43
O01777,25-12-2025,C0296,P0653,S041,In-Store,3,62.89,0,188.67,48.34,43.65
O01778,03-01-2025,C0773,P0097,S017,In-Store,1,134.83,0.2,107.86,100.2,7.66
O01779,15-10-2025,C0784,P1127,S012,In-Store,2,119.95,0.1,215.91,99.59,16.73
O01780,16-07-2024,C0602,P0647,S050,In-Store,3,139.35,0,418.05,105.87,100.44
O01781,08-04-2025,C0203,P0034,S048,In-Store,1,189.42,0.2,151.54,133.5,18.04
O01782,20-06-2025,C0003,P0757,S017,In-Store,2,88.95,0.1,160.11,48.05,64.01
O01783,11-06-2024,C0602,P0776,S004,In-Store,1,87.71,0.1,78.94,77.04,1.9
O01784,26-04-2025,C0705,P0094,S057,In-Store,1,105.62,0.2,84.5,69.52,14.98
O01785,12-11-2024,C0094,P0151,Online,Online,2,176.17,0.2,281.87,106.1,69.67
O01786,06-06-2025,C0306,P0177,S045,In-Store,1,128.6,0.05,122.17,91.14,31.03
O01787,07-01-2025,C0001,P0915,S006,In-Store,1,287.43,0.2,229.94,184.23,45.71
O01788,05-11-2025,C0605,P0550,S030,In-Store,3,142.36,0,427.08,108.31,102.15
O01789,15-02-2025,C0015,P0752,S048,In-Store,2,273.69,0.05,520.01,150.62,218.77
O01790,13-07-2024,C0561,P0414,Online,Online,1,162.49,0.05,154.37,105,49.37
O01791,11-04-2025,C0743,P1162,S025,In-Store,2,199.19,0.05,378.46,117.85,142.76
O01792,11-06-2024,C0470,P0031,S034,In-Store,1,340.18,0.2,272.14,181.56,90.58
O01793,07-05-2024,C0532,P1158,Online,Online,3,275.48,0.2,661.15,175.62,134.29
O01794,31-12-2025,C0074,P0745,Online,Online,1,16.81,0.2,13.45,9.63,3.82
O01795,14-08-2025,C0464,P0158,S057,In-Store,2,106.61,0.2,170.58,58.87,52.84
O01796,15-01-2025,C0608,P0484,Online,Online,3,130.78,0,392.34,84.78,138
O01797,14-01-2025,C0718,P0734,S040,In-Store,1,33.37,0.05,31.7,19.21,12.49
O01798,09-12-2024,C0309,P0161,S000,In-Store,3,351.88,0.1,950.08,186.91,389.35
O01799,28-02-2025,C0074,P0944,S032,In-Store,1,64.12,0.1,57.71,41.35,16.36
O01800,16-12-2025,C0120,P0943,S018,In-Store,3,181.12,0,543.36,104.17,230.85
O01801,11-02-2025,C0141,P0999,Online,Online,1,185.46,0.05,176.19,139.55,36.64
O01802,13-08-2025,C0098,P1109,Online,In-Store,1,200.18,0.05,190.17,121.02,69.15
O01803,07-04-2025,C0623,P0528,S008,In-Store,1,102.08,0.2,81.66,65.43,16.23
O01804,09-05-2025,C0166,P0288,S030,In-Store,1,281.92,0.1,253.73,144.63,109.1
O01805,27-05-2024,C0076,P0920,Online,Online,1,238.75,0.1,214.88,147.5,67.38
O01806,19-04-2024,C0375,P0545,S006,In-Store,1,124.94,0.1,112.45,112.85,-0.4
O01807,14-12-2024,C0381,P0995,S002,In-Store,1,177.45,0.1,159.7,106.34,53.36
O01808,16-09-2024,C0517,P0258,Online,Online,2,52.4,0.05,99.56,30.15,39.26
O01809,14-09-2025,C0375,P1017,S045,In-Store,2,212.78,0,425.56,178.39,68.78
O01810,29-04-2025,C0050,P0129,S014,In-Store,2,27.78,0.1,50,25,0
O01811,12-06-2025,C0054,P0940,Online,Online,1,21.41,0.05,20.34,16.72,3.62
O01812,16-10-2024,C0481,P0363,S058,In-Store,1,382.32,0.1,344.09,193.08,151.01
O01813,08-09-2025,C0631,P0573,Online,Online,3,40.64,0,121.92,31.76,26.64
O01814,28-02-2025,C0667,P1058,Online,Online,1,219.39,0.1,197.45,138.39,59.06
O01815,11-09-2025,C0246,P0184,Online,Online,3,207.61,0.2,498.26,118.02,144.2
O01816,07-03-2025,C0555,P0764,Online,Online,1,241.25,0,241.25,143.88,97.37
O01817,15-09-2024,C0359,P1151,S048,In-Store,2,258.14,0,516.28,196.34,123.6
O01818,05-11-2025,C0588,P0761,S039,In-Store,3,240.31,0.05,684.88,125.81,307.45
O01819,26-04-2025,C0111,P0176,S027,In-Store,3,273.81,0,821.43,180.29,280.56
O01820,15-07-2024,C0044,P0742,Online,Online,1,237.5,0.2,190,189.9,0.1
O01821,12-05-2024,C0583,P0278,Online,Online,1,267.49,0,267.49,167.82,99.67
O01822,11-02-2025,C0440,P0111,S000,In-Store,1,184.61,0,184.61,108.89,75.72
O01823,03-01-2025,C0262,P0177,S036,In-Store,2,128.6,0.1,231.48,91.14,49.2
O01824,05-12-2025,C0335,P0600,Online,Online,2,221.76,0.05,421.34,178.15,65.04
O01825,19-03-2025,C0534,P0959,S035,In-Store,2,56.21,0.05,106.8,50.03,6.74
O01826,08-11-2024,C0422,P0705,Online,Online,2,198.93,0.1,358.07,153.07,51.93
O01827,07-08-2025,C0483,P0236,S046,In-Store,3,196.93,0,590.79,173.04,71.67
O01828,20-09-2025,C0059,P1054,S030,In-Store,2,193.12,0.05,366.93,143.87,79.19
O01829,05-12-2024,C0551,P0169,Online,Online,2,87.14,0,174.28,50.78,72.72
O01830,21-11-2024,C0340,P0092,Online,Online,1,210.05,0.2,168.04,179.14,-11.1
O01831,21-09-2024,C0187,P0140,S018,In-Store,1,187.12,0.05,177.76,111.19,66.57
O01832,24-07-2025,C0396,P0737,S033,In-Store,2,121.72,0.05,231.27,62.25,106.77
O01833,22-07-2025,C0155,P0861,S025,In-Store,1,201.1,0.1,180.99,110.24,70.75
O01834,13-01-2025,C0445,P0079,S028,In-Store,1,260.43,0.05,247.41,158.22,89.19
O01835,06-05-2025,C0224,P0514,S059,In-Store,2,104.99,0.05,199.48,76.67,46.14
O01836,30-01-2025,C0181,P0651,S024,In-Store,1,315.36,0.1,283.82,169.86,113.96
O01837,08-11-2024,C0141,P1106,Online,Online,3,88.1,0.1,237.87,52.32,80.91
O01838,07-05-2025,C0454,P0566,S025,In-Store,2,10.71,0.1,19.28,9.25,0.78
O01839,26-07-2024,C0343,P0721,Online,Online,1,255.39,0.2,204.31,162.62,41.69
O01840,03-04-2025,C0578,P0374,S000,In-Store,2,190.53,0,381.06,98.1,184.86
O01841,20-09-2024,C0341,P0664,Online,Online,1,191.74,0.2,153.39,109.09,44.3
O01842,03-02-2025,C0316,P0056,S038,In-Store,2,103.48,0,206.96,53.97,99.02
O01843,13-01-2025,C0102,P0170,S029,In-Store,1,106.52,0.2,85.22,89.62,-4.4
O01844,30-08-2024,C0703,P0039,Online,Online,1,29.71,0.1,26.74,14.86,11.88
O01845,30-12-2024,C0455,P0796,Online,Online,2,87.96,0.05,167.12,77.22,12.68
O01846,09-04-2025,C0024,P0831,S023,In-Store,2,183.87,0.05,349.35,151.28,46.79
O01847,25-03-2025,C0274,P0170,S000,In-Store,2,106.52,0,213.04,89.62,33.8
O01848,14-12-2025,C0186,P0896,S050,In-Store,1,165.91,0.1,149.32,107.19,42.13
O01849,27-05-2024,C0060,P0021,Online,Online,1,77.31,0.2,61.85,62.23,-0.38
O01850,24-11-2024,C0716,P0103,Online,Online,1,171.58,0,171.58,96.71,74.87
O01851,16-10-2024,C0736,P0374,S022,In-Store,2,190.53,0.1,342.95,98.1,146.75
O01852,16-05-2025,C0632,P0695,Online,Online,1,62.67,0.1,56.4,33.99,22.41
O01853,20-03-2025,C0504,P0204,S045,In-Store,1,200.67,0.05,190.64,110.34,80.3
O01854,27-04-2025,C0474,P0657,S059,In-Store,2,29.04,0.1,52.27,15.54,21.19
O01855,10-02-2025,C0604,P0749,S058,In-Store,1,165.09,0.05,156.84,141.67,15.17
O01856,31-08-2025,C0067,P0098,Online,Online,1,120.73,0.2,96.58,70.55,26.03
O01857,24-12-2024,C0693,P0442,S049,In-Store,1,206.69,0,206.69,149.23,57.46
O01858,19-11-2024,C0592,P0242,Online,Online,1,138.25,0.1,124.42,108.47,15.95
O01859,02-12-2025,C0032,P0439,S032,In-Store,1,79.07,0.1,71.16,49.49,21.67
O01860,08-10-2025,C0555,P0614,S058,In-Store,1,332.16,0,332.16,193.3,138.86
O01861,15-01-2025,C0669,P0689,S039,In-Store,2,46.7,0.05,88.73,27.05,34.63
O01862,17-06-2024,C0367,P0708,S015,In-Store,1,157.48,0.1,141.73,124.12,17.61
O01863,08-06-2025,C0348,P0300,Online,Online,2,138.12,0.2,220.99,75.85,69.29
O01864,11-01-2025,C0060,P0834,S036,In-Store,3,94.05,0,282.15,78.99,45.18
O01865,03-03-2025,C0407,P1169,S058,In-Store,1,50.9,0,50.9,33.85,17.05
O01866,12-12-2024,C0396,P0899,S002,In-Store,2,118.47,0.05,225.09,99.65,25.79
O01867,10-03-2025,C0512,P0546,S008,In-Store,1,196.72,0.05,186.88,149.22,37.66
O01868,23-04-2025,C0583,P0591,S044,In-Store,1,236.24,0.1,212.62,122.47,90.15
O01869,23-12-2024,C0021,P0005,S029,In-Store,1,112.55,0.2,90.04,79.09,10.95
O01870,05-07-2025,C0160,P0684,S013,In-Store,1,222.84,0.05,211.7,161.31,50.39
O01871,26-05-2024,C0011,P0149,S024,In-Store,2,29.42,0.1,52.96,22.17,8.62
O01872,02-02-2025,C0400,P0376,Online,Online,4,79.72,0.2,255.1,56,31.1
O01873,28-02-2025,C0188,P1192,Online,Online,1,290.29,0.05,275.78,174.33,101.45
O01874,13-07-2025,C0586,P0306,Online,Online,1,148.17,0.05,140.76,102.31,38.45
O01875,06-03-2025,C0097,P0142,Online,Online,1,132.42,0,132.42,96.4,36.02
O01876,27-05-2025,C0658,P0863,S002,In-Store,2,109.7,0.1,197.46,72.06,53.34
O01877,10-02-2025,C0652,P1107,S026,In-Store,2,333.55,0.1,600.39,181.41,237.57
O01878,10-01-2025,C0155,P0238,Online,Online,3,30.72,0.2,73.73,27.46,-8.65
O01879,23-08-2025,C0600,P0278,S000,In-Store,1,267.49,0.1,240.74,167.82,72.92
O01880,01-05-2025,C0342,P0934,S056,In-Store,1,285.28,0.2,228.22,152.76,75.46
O01881,04-04-2025,C0579,P0381,Online,Online,1,169.3,0.2,135.44,107.47,27.97
O01882,09-12-2025,C0404,P0095,Online,Online,3,145.13,0.05,413.62,80.95,170.77
O01883,27-03-2025,C0183,P0017,S009,In-Store,1,151,0.2,120.8,75.59,45.21
O01884,02-08-2025,C0533,P0382,Online,Online,1,27.14,0.2,21.71,17.04,4.67
O01885,01-01-2025,C0025,P0684,Online,Online,2,222.84,0.2,356.54,161.31,33.92
O01886,18-07-2025,C0352,P0331,Online,Online,2,317.5,0,635,163.63,307.74
O01887,04-01-2025,C0441,P0344,Online,Online,1,196.16,0.05,186.35,143.2,43.15
O01888,13-03-2025,C0537,P0254,S058,In-Store,1,266.56,0.2,213.25,184,29.25
O01889,02-08-2024,C0702,P0749,S027,In-Store,1,165.09,0,165.09,141.67,23.42
O01890,05-11-2024,C0515,P0894,Online,Online,2,243.1,0.1,437.58,156.3,124.98
O01891,12-01-2025,C0563,P0167,S056,In-Store,1,122.4,0.1,110.16,71.02,39.14
O01892,24-05-2024,C0474,P0963,Online,Online,2,297.94,0,595.88,149.76,296.36
O01893,09-04-2025,C0529,P0091,S048,In-Store,1,27.29,0.1,24.56,20.11,4.45
O01894,07-05-2025,C0490,P1095,S044,In-Store,1,96.11,0.05,91.3,70.02,21.28
O01895,05-06-2024,C0384,P0316,S037,In-Store,1,150.05,0.2,120.04,95.84,24.2
O01896,16-04-2025,C0521,P0565,S056,In-Store,1,129.36,0.1,116.42,77.59,38.83
O01897,01-12-2025,C0673,P0196,S008,In-Store,1,245.56,0.05,233.28,132.71,100.57
O01898,23-12-2024,C0488,P0332,Online,Online,2,159.7,0.05,303.43,102.16,99.11
O01899,01-12-2025,C0629,P0603,S040,In-Store,1,31.8,0.05,30.21,24.75,5.46
O01900,13-05-2025,C0159,P0121,Online,Online,2,201.89,0.1,363.4,130.95,101.5
O01901,12-12-2024,C0285,P0432,S059,In-Store,2,95.18,0,190.36,49.8,90.76
O01902,04-11-2025,C0368,P1182,S012,In-Store,3,275.08,0,825.24,167.92,321.48
O01903,11-11-2025,C0753,P0026,Online,Online,1,324.99,0.05,308.74,164.12,144.62
O01904,06-02-2025,C0283,P0305,Online,Online,2,89.57,0.05,170.18,66.31,37.56
O01905,02-07-2024,C0449,P1019,S059,In-Store,1,81.78,0.05,77.69,58.95,18.74
O01906,25-03-2025,C0105,P0499,S012,In-Store,1,265.43,0,265.43,140.47,124.96
O01907,08-02-2025,C0777,P0267,S026,In-Store,2,349.07,0.1,628.33,193.29,241.75
O01908,09-02-2025,C0416,P0519,S000,In-Store,1,89.59,0,89.59,53.32,36.27
O01909,16-08-2024,C0059,P0657,Online,Online,3,29.04,0.2,69.7,15.54,23.08
O01910,14-06-2025,C0364,P0814,S006,In-Store,1,222.65,0.05,211.52,157.04,54.48
O01911,20-03-2025,C0072,P0046,S038,In-Store,2,53.96,0,107.92,28.38,51.16
O01912,28-02-2025,C0702,P0151,S024,In-Store,3,176.17,0,528.51,106.1,210.21
O01913,12-04-2025,C0162,P1192,S033,In-Store,2,290.29,0.05,551.55,174.33,202.89
O01914,09-07-2024,C0526,P0059,Online,Online,2,37.27,0.1,67.09,19.67,27.75
O01915,03-07-2025,C0396,P0802,Online,Online,2,190.01,0,380.02,115.11,149.8
O01916,21-07-2024,C0207,P0242,S000,In-Store,1,138.25,0,138.25,108.47,29.78
O01917,15-03-2025,C0570,P0754,S026,In-Store,3,32.06,0.2,76.94,29.03,-10.15
O01918,21-05-2024,C0771,P0083,S044,In-Store,1,27.82,0.2,22.26,14.01,8.25
O01919,18-04-2024,C0086,P1168,S025,In-Store,2,99.03,0.1,178.25,77.09,24.07
O01920,22-06-2025,C0310,P1190,Online,Online,1,305.51,0.1,274.96,181.82,93.14
O01921,12-03-2025,C0037,P0903,S025,In-Store,1,221.79,0.05,210.7,165.61,45.09
O01922,12-08-2025,C0619,P0386,S036,In-Store,3,212.69,0.2,510.46,146.04,72.34
O01923,16-07-2025,C0309,P0771,Online,Online,1,155.11,0.05,147.35,81.54,65.81
O01924,02-11-2024,C0172,P0789,Online,Online,3,77.75,0,233.25,47.24,91.53
O01925,11-01-2025,C0150,P0523,Online,Online,1,228.06,0.2,182.45,187.12,-4.67
O01926,02-01-2025,C0756,P0703,S035,In-Store,1,304.49,0.1,274.04,165.94,108.1
O01927,27-12-2025,C0154,P0207,S054,In-Store,2,176.19,0,352.38,97.87,156.64
O01928,19-07-2024,C0504,P0740,S039,In-Store,1,149.47,0,149.47,110.35,39.12
O01929,20-06-2025,C0417,P0302,S046,In-Store,2,32.61,0.1,58.7,18.11,22.48
O01930,27-07-2025,C0728,P0173,S036,In-Store,2,209.18,0.2,334.69,115.36,103.97
O01931,24-09-2024,C0205,P1146,S015,In-Store,1,250.84,0.05,238.3,179.22,59.08
O01932,27-01-2025,C0288,P0943,S011,In-Store,2,181.12,0.1,326.02,104.17,117.68
O01933,11-04-2025,C0373,P1088,Online,Online,4,156.73,0.05,595.57,130.87,72.09
O01934,24-12-2025,C0207,P0071,S015,In-Store,2,171.21,0,342.42,121.33,99.76
O01935,15-11-2024,C0374,P1083,S001,In-Store,1,186.78,0.1,168.1,140.65,27.45
O01936,30-08-2025,C0273,P0757,S049,In-Store,3,88.95,0.2,213.48,48.05,69.33
O01937,26-07-2024,C0577,P0550,S050,In-Store,2,142.36,0.2,227.78,108.31,11.16
O01938,10-10-2024,C0729,P0549,S017,In-Store,2,8.95,0.1,16.11,5.29,5.53
O01939,13-05-2025,C0369,P0491,S036,In-Store,1,205.2,0.2,164.16,156.25,7.91
O01940,19-07-2025,C0277,P0804,S046,In-Store,2,74.98,0.2,119.97,54.49,10.99
O01941,12-09-2025,C0065,P0882,Online,Online,3,165.62,0.1,447.17,129.51,58.64
O01942,31-05-2024,C0181,P0702,Online,Online,1,286.8,0,286.8,178.57,108.23
O01943,27-07-2024,C0008,P1172,S053,In-Store,3,354.52,0.1,957.2,179.72,418.04
O01944,09-05-2025,C0349,P0379,Online,In-Store,1,186.5,0.05,177.18,93.72,83.46
O01945,19-07-2025,C0380,P1179,S019,In-Store,1,10.41,0.2,8.33,7.38,0.95
O01946,21-12-2025,C0245,P0027,Online,In-Store,2,236.79,0.05,449.9,189.64,70.62
O01947,20-05-2024,C0795,P0891,Online,In-Store,1,183.58,0.05,174.4,115.51,58.89
O01948,08-11-2025,C0292,P0107,S016,In-Store,2,193.34,0.05,367.35,154.55,58.25
O01949,02-09-2024,C0161,P0850,S019,In-Store,1,321.09,0.1,288.98,178.1,110.88
O01950,12-10-2024,C0218,P0114,Online,In-Store,1,291.58,0.05,277,148.09,128.91
O01951,27-07-2025,C0468,P0462,Online,Online,2,262.15,0,524.3,154.95,214.4
O01952,27-11-2024,C0661,P0249,S033,In-Store,2,194.44,0.1,349.99,124.93,100.13
O01953,11-04-2024,C0145,P0246,Online,Online,1,40,0.2,32,34.44,-2.44
O01954,01-11-2024,C0570,P0575,S013,In-Store,1,101.87,0.1,91.68,80.73,10.95
O01955,21-06-2025,C0673,P0572,S011,In-Store,2,271.22,0.2,433.95,177.14,79.67
O01956,02-11-2025,C0517,P0943,Online,Online,1,181.12,0.2,144.9,104.17,40.73
O01957,10-10-2025,C0509,P0397,S010,In-Store,1,29.62,0,29.62,18.12,11.5
O01958,13-03-2025,C0420,P0699,S052,In-Store,1,30.55,0.05,29.02,20.37,8.65
O01959,13-07-2025,C0455,P0947,S036,In-Store,1,101.12,0.2,80.9,51.06,29.84
O01960,05-10-2025,C0331,P0832,Online,Online,10,149.77,0.2,1198.16,102.98,168.36
O01961,28-02-2025,C0285,P0126,Online,In-Store,1,201.02,0.1,180.92,149.03,31.89
O01962,14-01-2025,C0449,P1099,Online,Online,1,35.98,0.1,32.38,21.55,10.83
O01963,07-06-2025,C0531,P0093,Online,Online,1,243.56,0.05,231.38,140.32,91.06
O01964,28-04-2025,C0698,P0364,S004,In-Store,1,125.52,0.1,112.97,98.1,14.87
O01965,12-03-2025,C0474,P0399,Online,Online,2,64.47,0,128.94,32.33,64.28
O01966,03-10-2025,C0232,P1174,S007,In-Store,4,95.11,0.05,361.42,65.08,101.1
O01967,15-08-2025,C0541,P0177,Online,In-Store,1,128.6,0,128.6,91.14,37.46
O01968,16-06-2024,C0202,P0774,S022,In-Store,3,58.03,0.05,165.39,36.05,57.24
O01969,05-12-2025,C0400,P0360,S001,In-Store,2,46.47,0.05,88.29,26.3,35.69
O01970,28-12-2025,C0646,P0992,S022,In-Store,1,185.24,0.05,175.98,107.31,68.67
O01971,19-08-2024,C0630,P0721,S055,In-Store,2,255.39,0.05,485.24,162.62,160
O01972,01-03-2025,C0151,P0346,Online,Online,1,95.96,0.2,76.77,56.78,19.99
O01973,10-10-2025,C0630,P0389,S038,In-Store,20,277.24,0.05,5267.56,154.95,2168.56
O01974,10-02-2025,C0372,P0970,S053,In-Store,3,144.34,0.05,411.37,87.38,149.23
O01975,04-10-2025,C0230,P0264,Online,Online,2,69.39,0.2,111.02,40.26,30.5
O01976,21-03-2025,C0358,P0071,S005,In-Store,2,171.21,0,342.42,121.33,99.76
O01977,13-09-2025,C0470,P0093,S024,In-Store,1,243.56,0.2,194.85,140.32,54.53
O01978,21-06-2025,C0123,P1035,S053,In-Store,1,130.92,0.05,124.37,71.44,52.93
O01979,28-09-2024,C0101,P0028,S009,In-Store,1,210.15,0.2,168.12,144.03,24.09
O01980,07-05-2025,C0660,P1133,Online,Online,3,53.96,0.05,153.79,44.43,20.5
O01981,06-12-2024,C0504,P0890,S048,In-Store,1,148.82,0.1,133.94,99.63,34.31
O01982,07-07-2025,C0264,P0824,S020,In-Store,1,89.03,0.2,71.22,61.02,10.2
O01983,17-06-2025,C0134,P0297,Online,Online,2,181.74,0.05,345.31,122.51,100.29
O01984,22-12-2024,C0156,P0290,S058,In-Store,1,209.97,0,209.97,105.5,104.47
O01985,09-10-2024,C0772,P0598,Online,Online,1,169.19,0.05,160.73,93,67.73
O01986,01-10-2024,C0686,P1159,Online,Online,1,308.05,0.05,292.65,194.07,98.58
O01987,01-07-2024,C0362,P0829,Online,Online,1,244.31,0.05,232.09,170.36,61.73
O01988,09-01-2025,C0632,P0691,Online,Online,1,258.99,0,258.99,156.94,102.05
O01989,11-10-2025,C0248,P0980,S015,In-Store,2,34.02,0,68.04,27.92,12.2
O01990,19-09-2025,C0117,P1088,Online,Online,1,156.73,0.2,125.38,130.87,-5.49
O01991,25-06-2025,C0503,P0564,Online,Online,10,331.22,0.05,3146.59,166.92,1477.39
O01992,19-01-2025,C0685,P0645,Online,Online,1,212.34,0.1,191.11,138.46,52.65
O01993,25-11-2025,C0668,P1150,S000,In-Store,2,62.8,0,125.6,39.18,47.24
O01994,04-03-2025,C0394,P0357,S003,In-Store,1,348.69,0.1,313.82,191.15,122.67
O01995,12-07-2024,C0234,P1169,S030,In-Store,1,50.9,0.1,45.81,33.85,11.96
O01996,02-08-2025,C0321,P0566,S002,In-Store,2,10.71,0.1,19.28,9.25,0.78
O01997,25-03-2025,C0582,P0148,S059,In-Store,1,131.82,0,131.82,85.27,46.55
O01998,29-07-2024,C0438,P0548,Online,Online,2,209.52,0.1,377.14,186.82,3.5
O01999,25-10-2024,C0278,P0034,S042,In-Store,2,189.42,0,378.84,133.5,111.84
O02000,09-07-2025,C0384,P0093,S037,In-Store,1,243.56,0.1,219.2,140.32,78.88
O02001,14-02-2025,C0508,P0732,S003,In-Store,3,186.46,0.2,447.5,95.93,159.71
O02002,19-08-2024,C0140,P0037,Online,Online,1,63.29,0.2,50.63,42.09,8.54
O02003,09-10-2025,C0682,P0030,Online,Online,3,132.5,0.2,318,119.75,-41.25
O02004,11-06-2024,C0746,P0183,Online,Online,2,304.66,0,609.32,181.16,247
O02005,20-09-2024,C0585,P0498,S027,In-Store,1,35.81,0.2,28.65,19.73,8.92
O02006,06-09-2024,C0580,P0929,S036,In-Store,1,34.13,0.2,27.3,18.97,8.33
O02007,26-03-2025,C0168,P0873,S030,In-Store,1,25.15,0.05,23.89,22.59,1.3
O02008,28-06-2025,C0616,P0379,Online,Online,3,186.5,0.2,447.6,93.72,166.44
O02009,04-05-2025,C0028,P0942,Online,In-Store,1,193.87,0.2,155.1,173.54,-18.44
O02010,27-12-2025,C0430,P0721,Online,Online,1,255.39,0.05,242.62,162.62,80
O02011,07-02-2025,C0701,P1170,S044,In-Store,3,270.1,0.1,729.27,184.48,175.83
O02012,15-10-2025,C0617,P0187,S024,In-Store,1,246.22,0.1,221.6,161.83,59.77
O02013,07-12-2024,C0031,P1049,S050,In-Store,2,115.48,0.1,207.86,61.25,85.36
O02014,25-06-2024,C0127,P0296,Online,Online,3,34.89,0,104.67,25.01,29.64
O02015,11-04-2024,C0360,P0048,S031,In-Store,1,187.5,0.2,150,135.6,14.4
O02016,09-07-2025,C0289,P1153,S051,In-Store,2,152.8,0.1,275.04,103.2,68.64
O02017,22-02-2025,C0728,P0102,Online,Online,1,221.14,0.2,176.91,153.44,23.47
O02018,09-10-2024,C0475,P0810,S034,In-Store,2,235.44,0.2,376.7,143.76,89.18
O02019,06-08-2025,C0304,P1172,S028,In-Store,2,354.52,0.1,638.14,179.72,278.7
O02020,06-01-2025,C0091,P0859,S024,In-Store,2,335.31,0.1,603.56,194.06,215.44
O02021,31-08-2025,C0034,P0526,S002,In-Store,1,197.85,0,197.85,127.57,70.28
O02022,13-02-2025,C0361,P0644,S030,In-Store,1,177.67,0.05,168.79,104.75,64.04
O02024,14-07-2024,C0756,P0790,S036,In-Store,2,70.22,0.2,112.35,47.78,16.79
O02025,08-07-2025,C0475,P0903,Online,Online,1,221.79,0.1,199.61,165.61,34
O02026,06-04-2025,C0379,P0111,S000,In-Store,2,184.61,0.05,350.76,108.89,132.98
O02027,17-09-2025,C0112,P0330,S029,In-Store,2,355.55,0.2,568.88,189.35,190.18
O02028,09-01-2025,C0436,P0613,Online,Online,3,316.84,0,950.52,194.29,367.65
O02029,25-02-2025,C0628,P0593,S039,In-Store,3,71.58,0.1,193.27,37.74,80.05
O02030,17-04-2024,C0357,P0576,S027,In-Store,1,323.53,0.05,307.35,179.67,127.68
O02031,08-09-2024,C0338,P0536,S017,In-Store,2,158.7,0.1,285.66,101.75,82.16
O02032,23-03-2025,C0314,P0527,S050,In-Store,1,33.35,0.1,30.02,21.07,8.95
O02033,30-06-2025,C0405,P1166,S037,In-Store,1,50.99,0.05,48.44,40.54,7.9
O02034,18-09-2024,C0248,P0529,Online,Online,1,135.66,0.2,108.53,81.19,27.34
O02035,04-12-2024,C0588,P0552,S016,In-Store,1,167.38,0,167.38,94.4,72.98
O02036,07-07-2025,C0692,P1149,Online,Online,1,121.02,0.05,114.97,79.68,35.29
O02037,16-07-2025,C0336,P1025,S038,In-Store,2,121.03,0.2,193.65,65.93,61.79
O02038,13-02-2025,C0223,P1178,S034,In-Store,1,63.25,0.1,56.92,33.85,23.07
O02039,27-05-2025,C0161,P0212,S057,In-Store,1,313.84,0.2,251.07,198.95,52.12
O02040,24-11-2025,C0707,P0354,Online,Online,2,96.51,0.2,154.42,48.85,56.72
O02041,09-07-2025,C0490,P0669,S054,In-Store,2,95.28,0.1,171.5,75.05,21.4
O02042,16-11-2025,C0645,P0845,S030,In-Store,2,265.78,0.05,504.98,195.98,113.02
O02043,25-12-2025,C0128,P0076,Online,Online,1,114.03,0,114.03,83.47,30.56
O02044,26-09-2025,C0580,P0886,S024,In-Store,2,82.92,0,165.84,53.5,58.84
O02045,27-09-2025,C0625,P0457,S052,In-Store,2,220.01,0,440.02,137.93,164.16
O02046,03-10-2024,C0754,P0728,Online,Online,2,242.37,0,484.74,152.25,180.24
O02047,29-07-2024,C0472,P0682,S055,In-Store,1,197.42,0.1,177.68,130.65,47.03
O02048,16-04-2024,C0609,P0802,Online,Online,2,190.01,0.1,342.02,115.11,111.8
O02049,22-04-2024,C0482,P0004,S027,In-Store,3,88.47,0,265.41,71.35,51.36
O02050,17-07-2025,C0624,P0447,S016,In-Store,1,173.65,0.1,156.28,138.64,17.64
O02051,10-02-2025,C0193,P0531,S025,In-Store,4,223.17,0.2,714.14,185.3,-27.06
O02052,12-08-2024,C0074,P0456,S035,In-Store,1,238.72,0.1,214.85,164.22,50.63
O02053,21-06-2025,C0209,P0607,S012,In-Store,2,12.56,0.2,20.1,10.02,0.06
O02054,23-03-2025,C0686,P0277,Online,Online,1,239.39,0.05,227.42,124.99,102.43
O02055,29-11-2025,C0468,P0599,Online,Online,2,131.38,0.2,210.21,67.15,75.91
O02056,22-12-2025,C0110,P0038,S042,In-Store,1,179.66,0.2,143.73,95.21,48.52
O02057,09-10-2025,C0425,P1033,S043,In-Store,1,251.96,0.2,201.57,159.52,42.05
O02058,03-06-2024,C0553,P0057,Online,Online,1,190.01,0.1,171.01,166.72,4.29
O02059,02-02-2025,C0144,P1165,S024,In-Store,2,111.55,0,223.1,73.86,75.38
O02060,26-02-2025,C0669,P0183,S031,In-Store,2,304.66,0.2,487.46,181.16,125.14
O02061,24-04-2024,C0065,P0953,Online,Online,2,113.18,0,226.36,65.25,95.86
O02062,09-02-2025,C0326,P0119,Online,Online,1,135.05,0.1,121.55,71.37,50.18
O02063,27-11-2024,C0167,P0331,S039,In-Store,4,317.5,0.1,1143,163.63,488.48
O02064,21-06-2024,C0346,P0371,S021,In-Store,2,229.56,0.05,436.16,131.42,173.32
O02065,24-09-2025,C0136,P1065,S039,In-Store,10,235.57,0.05,2237.91,122.75,1010.41
O02066,13-06-2024,C0016,P0275,S036,In-Store,2,284.15,0,568.3,168.64,231.02
O02067,25-07-2024,C0010,P0470,Online,Online,2,224.53,0.05,426.61,131.35,163.91
O02068,15-09-2024,C0479,P0903,Online,Online,1,221.79,0,221.79,165.61,56.18
O02069,29-01-2025,C0438,P0934,S052,In-Store,2,285.28,0,570.56,152.76,265.04
O02070,02-01-2025,C0437,P0290,S039,In-Store,1,209.97,0.1,188.97,105.5,83.47
O02071,24-07-2025,C0322,P0510,S003,In-Store,1,156.58,0.05,148.75,142.22,6.53
O02072,23-09-2024,C0379,P0431,Online,Online,1,39.3,0.05,37.33,21.12,16.21
O02073,27-03-2025,C0752,P1191,S016,In-Store,1,199.61,0.2,159.69,101.14,58.55
O02074,27-03-2025,C0029,P0443,Online,Online,2,283.37,0.05,538.4,188.88,160.64
O02075,05-04-2025,C0553,P0606,S017,In-Store,2,6.77,0,13.54,5.74,2.06
O02076,26-10-2024,C0734,P0333,S042,In-Store,2,18.57,0.05,35.28,9.52,16.24
O02077,25-06-2024,C0382,P0119,S056,In-Store,2,135.05,0.2,216.08,71.37,73.34
O02078,09-12-2025,C0265,P1119,S049,In-Store,2,64.93,0,129.86,51.65,26.56
O02079,15-12-2024,C0487,P1014,S016,In-Store,1,184.27,0.2,147.42,155.05,-7.63
O02080,09-05-2024,C0636,P0374,S003,In-Store,2,190.53,0.2,304.85,98.1,108.65
O02081,15-06-2024,C0554,P0465,S058,In-Store,1,118.23,0.2,94.58,77.95,16.63
O02082,08-03-2025,C0693,P0960,S021,In-Store,1,169.27,0,169.27,102.95,66.32
O02083,09-11-2024,C0324,P0082,S037,In-Store,1,177.36,0.1,159.62,136.2,23.42
O02084,15-08-2024,C0776,P1093,Online,Online,3,143.78,0.1,388.21,98.24,93.49
O02085,28-03-2025,C0742,P0301,S031,In-Store,2,291.59,0.05,554.02,170.49,213.04
O02086,15-04-2024,C0462,P1174,S004,In-Store,2,95.11,0.05,180.71,65.08,50.55
O02087,09-07-2024,C0086,P0176,S007,In-Store,3,273.81,0.2,657.14,180.29,116.27
O02088,02-01-2025,C0042,P0482,S044,In-Store,1,77.78,0.2,62.22,61.32,0.9
O02089,30-12-2025,C0760,P0102,S057,In-Store,2,221.14,0,442.28,153.44,135.4
O02090,09-04-2025,C0050,P0992,Online,Online,1,185.24,0,185.24,107.31,77.93
O02091,25-04-2024,C0230,P0309,S037,In-Store,2,364.92,0.1,656.86,199.47,257.92
O02092,18-08-2024,C0182,P0651,S057,In-Store,1,315.36,0,315.36,169.86,145.5
O02093,17-05-2025,C0176,P0359,Online,Online,1,86.22,0.2,68.98,46.73,22.25
O02094,01-08-2024,C0766,P0521,Online,Online,2,206.03,0.2,329.65,150.83,27.99
O02095,21-09-2024,C0021,P0738,S009,In-Store,2,203.31,0.05,386.29,135.44,115.41
O02096,12-03-2025,C0180,P0771,S043,In-Store,1,155.11,0.1,139.6,81.54,58.06
O02097,08-02-2025,C0661,P0783,S012,In-Store,1,59.11,0.05,56.15,41.45,14.7
O02098,09-05-2024,C0001,P1105,S012,In-Store,1,14.96,0.1,13.46,12.19,1.27
O02099,25-01-2025,C0453,P0037,S053,In-Store,1,63.29,0.2,50.63,42.09,8.54
O02100,20-11-2025,C0594,P0677,Online,Online,2,244.62,0.2,391.39,158.03,75.33
O02101,04-05-2025,C0170,P0021,S039,In-Store,2,77.31,0.2,123.7,62.23,-0.76
O02102,08-03-2025,C0700,P0715,Online,Online,2,377.17,0.1,678.91,196,286.91
O02103,30-05-2025,C0698,P0917,S039,In-Store,1,92.29,0.05,87.68,50.43,37.25
O02104,07-06-2025,C0649,P0428,Online,Online,1,290.61,0.1,261.55,192.06,69.49
O02105,25-05-2025,C0274,P0378,S031,In-Store,1,99.58,0.2,79.66,76.67,2.99
O02106,10-09-2025,C0174,P0327,S036,In-Store,3,277.77,0.05,791.64,148.17,347.13
O02107,10-08-2024,C0082,P0817,S005,In-Store,1,96.63,0.05,91.8,49.13,42.67
O02108,13-08-2025,C0137,P0056,S036,In-Store,3,103.48,0.05,294.92,53.97,133.01
O02109,15-09-2025,C0292,P0239,Online,Online,2,322.42,0.2,515.87,167.25,181.37
O02110,02-10-2024,C0155,P0510,S048,In-Store,1,156.58,0.2,125.26,142.22,-16.96
O02111,20-01-2025,C0250,P0948,S051,In-Store,1,335.29,0.05,318.53,176.34,142.19
O02112,05-04-2025,C0176,P0607,S011,In-Store,2,12.56,0,25.12,10.02,5.08
O02113,07-10-2024,C0077,P0686,S039,In-Store,1,351.61,0,351.61,179.43,172.18
O02114,16-05-2024,C0564,P0695,Online,Online,2,62.67,0.05,119.07,33.99,51.09
O02115,23-05-2025,C0228,P1102,S002,In-Store,1,215.69,0,215.69,193.48,22.21
O02116,04-02-2025,C0547,P0459,S010,In-Store,1,44.11,0,44.11,32.14,11.97
O02117,10-01-2025,C0085,P0362,S006,In-Store,1,149.41,0.05,141.94,85.59,56.35
O02118,18-09-2024,C0381,P0606,S058,In-Store,2,6.77,0,13.54,5.74,2.06
O02119,14-02-2025,C0551,P0314,S034,In-Store,1,144.23,0.2,115.38,82.64,32.74
O02120,06-08-2025,C0411,P0610,S006,In-Store,1,254.51,0,254.51,177.67,76.84
O02121,09-02-2025,C0268,P1139,S024,In-Store,2,222.83,0.1,401.09,196.14,8.81
O02122,15-10-2025,C0768,P0273,S043,In-Store,3,125.14,0,375.42,85.9,117.72
O02123,11-03-2025,C0397,P0363,S032,In-Store,1,382.32,0.2,305.86,193.08,112.78
O02124,03-01-2025,C0537,P0983,Online,Online,1,149.62,0.1,134.66,91.17,43.49
O02125,02-11-2024,C0794,P0794,S018,In-Store,2,278.03,0.2,444.85,176.16,92.53
O02126,26-04-2025,C0793,P0243,S046,In-Store,1,62.91,0.05,59.76,51.07,8.69
O02127,21-03-2025,C0674,P0369,Online,Online,2,314.41,0.05,597.38,197.87,201.64
O02128,07-02-2025,C0446,P0296,Online,Online,2,34.89,0.05,66.29,25.01,16.27
O02129,16-07-2025,C0312,P0130,Online,Online,2,115.06,0.05,218.61,90.89,36.83
O02130,26-05-2024,C0544,P0444,S007,In-Store,1,32.76,0.1,29.48,22.02,7.46
O02131,01-10-2024,C0523,P1163,S044,In-Store,1,151.89,0,151.89,94.31,57.58
O02132,08-09-2025,C0629,P0914,Online,Online,1,254.74,0.2,203.79,196.96,6.83
O02133,26-05-2024,C0608,P0568,S033,In-Store,2,216.22,0,432.44,188.74,54.96
O02134,07-12-2024,C0526,P0407,Online,Online,2,40.35,0,80.7,23.03,34.64
O02135,11-12-2024,C0442,P0864,S047,In-Store,3,113.48,0.05,323.42,63.42,133.16
O02136,26-04-2024,C0063,P0011,S012,In-Store,1,144.13,0.05,136.92,109.16,27.76
O02137,17-05-2025,C0198,P1114,S055,In-Store,10,175.02,0,1750.2,90.54,844.8
O02138,20-12-2025,C0646,P0095,S011,In-Store,3,145.13,0.1,391.85,80.95,149
O02139,22-03-2025,C0542,P0481,S000,In-Store,2,134.56,0.1,242.21,87.49,67.23
O02140,27-02-2025,C0165,P0855,S039,In-Store,3,147.61,0.05,420.69,125.53,44.1
O02141,22-07-2024,C0578,P0127,Online,Online,2,89.43,0.2,143.09,62.77,17.55
O02142,05-02-2025,C0442,P0335,Online,In-Store,1,67.24,0.2,53.79,60.72,-6.93
O02143,06-02-2025,C0232,P0363,S056,In-Store,1,382.32,0.05,363.2,193.08,170.12
O02144,11-11-2024,C0513,P0789,S056,In-Store,1,77.75,0.05,73.86,47.24,26.62
O02145,25-08-2025,C0495,P0834,S005,In-Store,2,94.05,0.1,169.29,78.99,11.31
O02146,29-08-2024,C0646,P1110,S048,In-Store,3,131.11,0.2,314.66,70.78,102.32
O02147,02-06-2025,C0465,P0214,Online,Online,3,262.36,0.1,708.37,178.18,173.83
O02148,15-01-2025,C0111,P0001,S012,In-Store,2,13.26,0.05,25.19,11.2,2.79
O02149,05-07-2024,C0698,P0321,Online,Online,3,233.35,0.05,665.05,133.45,264.7
O02150,21-08-2024,C0156,P0203,S054,In-Store,1,259.84,0.05,246.85,158.79,88.06
O02151,25-01-2025,C0191,P0944,S046,In-Store,1,64.12,0,64.12,41.35,22.77
O02152,14-07-2024,C0333,P0040,S057,In-Store,2,57.53,0.2,92.05,37.43,17.19
O02153,17-05-2025,C0097,P0088,S040,In-Store,2,361.93,0.1,651.47,190.26,270.95
O02154,06-08-2025,C0171,P0012,S059,In-Store,2,331.78,0,663.56,197.96,267.64
O02155,04-09-2024,C0272,P0506,S039,In-Store,2,76.44,0.05,145.24,44.45,56.34
O02156,02-03-2025,C0455,P0839,Online,Online,2,78.68,0,157.36,43.23,70.9
O02157,01-11-2025,C0607,P0858,S034,In-Store,3,309.56,0.05,882.25,195.12,296.89
O02158,13-03-2025,C0306,P0716,S011,In-Store,3,380.68,0,1142.04,192.9,563.34
O02159,19-11-2025,C0749,P0308,S024,In-Store,2,53.99,0.1,97.18,28.91,39.36
O02160,27-01-2025,C0408,P1093,S010,In-Store,2,143.78,0.1,258.8,98.24,62.32
O02161,27-10-2025,C0096,P0283,S013,In-Store,2,303.48,0.1,546.26,190.91,164.44
O02162,03-11-2024,C0607,P1158,S010,In-Store,1,275.48,0.1,247.93,175.62,72.31
O02163,25-12-2025,C0616,P0558,S040,In-Store,2,178.04,0,356.08,95.35,165.38
O02164,15-08-2024,C0755,P0610,S037,In-Store,1,254.51,0,254.51,177.67,76.84
O02165,18-07-2024,C0642,P0973,Online,Online,3,209.16,0.2,501.98,120.11,141.65
O02166,22-08-2025,C0311,P0128,Online,In-Store,1,115.63,0.2,92.5,58.49,34.01
O02167,13-06-2025,C0575,P0007,Online,In-Store,2,276.22,0.2,441.95,166.73,108.49
O02168,28-02-2025,C0696,P1019,Online,Online,1,81.78,0.1,73.6,58.95,14.65
O02169,12-03-2025,C0584,P0582,S004,In-Store,2,44.49,0.05,84.53,39.23,6.07
O02170,14-08-2025,C0516,P0619,Online,Online,1,181.23,0.2,144.98,113.49,31.49
O02171,23-12-2024,C0469,P1062,S021,In-Store,1,206.93,0.05,196.58,127.71,68.87
O02172,23-02-2025,C0595,P1098,S006,In-Store,2,91.83,0.2,146.93,63.28,20.37
O02173,10-10-2025,C0598,P1093,Online,Online,1,143.78,0.1,129.4,98.24,31.16
O02174,14-01-2025,C0476,P0341,S032,In-Store,2,44.4,0.2,71.04,31.72,7.6
O02175,19-11-2024,C0334,P0350,Online,Online,2,169.74,0,339.48,102.85,133.78
O02176,03-04-2025,C0142,P0939,Online,Online,2,201.44,0.2,322.3,118.69,84.92
O02177,07-07-2024,C0616,P0125,Online,Online,1,44.79,0.05,42.55,28.31,14.24
O02178,18-07-2025,C0258,P0734,S049,In-Store,10,33.37,0.05,317.02,19.21,124.92
O02179,15-04-2025,C0552,P1173,S055,In-Store,1,245.1,0,245.1,139.38,105.72
O02180,06-02-2025,C0312,P1107,S039,In-Store,2,333.55,0.2,533.68,181.41,170.86
O02181,03-07-2024,C0761,P0217,S026,In-Store,3,197.95,0.05,564.16,167.2,62.56
O02182,07-06-2024,C0457,P0758,S003,In-Store,1,218.78,0,218.78,135.84,82.94
O02183,02-10-2025,C0695,P0706,S048,In-Store,3,160.6,0.2,385.44,111.8,50.04
O02184,10-03-2025,C0797,P0498,S013,In-Store,1,35.81,0,35.81,19.73,16.08
O02185,23-03-2025,C0366,P0793,Online,Online,1,273.34,0.1,246.01,166.17,79.84
O02186,15-04-2025,C0196,P0897,S042,In-Store,1,118.01,0.1,106.21,84.91,21.3
O02187,25-11-2024,C0583,P0106,S030,In-Store,1,117.1,0,117.1,97.34,19.76
O02188,26-05-2025,C0543,P0966,Online,Online,1,159.24,0,159.24,81.86,77.38
O02189,11-08-2024,C0646,P0417,S056,In-Store,2,56.54,0,113.08,43.26,26.56
O02190,01-06-2024,C0277,P0605,S016,In-Store,1,216.21,0.05,205.4,116.5,88.9
O02191,05-04-2025,C0044,P0805,S042,In-Store,2,290.78,0.1,523.4,171.72,179.96
O02192,21-09-2025,C0572,P0820,S023,In-Store,2,310.73,0.05,590.39,193.38,203.63
O02193,17-04-2024,C0039,P0773,Online,Online,2,311.06,0.05,591.01,170.36,250.29
O02194,01-03-2025,C0352,P0188,S030,In-Store,2,302.59,0.05,574.92,172.73,229.46
O02195,02-10-2024,C0435,P0365,Online,Online,1,251.05,0.05,238.5,130.95,107.55
O02196,18-10-2024,C0008,P0679,Online,Online,1,313.82,0.1,282.44,182.52,99.92
O02197,29-10-2025,C0030,P0529,S030,In-Store,3,135.66,0.2,325.58,81.19,82.01
O02198,30-04-2025,C0295,P0666,S014,In-Store,1,78.53,0.2,62.82,65.86,-3.04
O02199,10-09-2025,C0098,P0474,S020,In-Store,1,140.16,0,140.16,80.82,59.34
O02200,10-04-2025,C0083,P0280,Online,Online,1,31.96,0.1,28.76,17.25,11.51
O02201,17-09-2025,C0170,P0684,Online,Online,1,222.84,0.05,211.7,161.31,50.39
O02202,27-03-2025,C0674,P0378,S059,In-Store,1,99.58,0,99.58,76.67,22.91
O02203,10-07-2025,C0797,P0967,Online,Online,2,177.85,0.05,337.92,94.1,149.72
O02204,06-08-2024,C0474,P1013,Online,Online,2,325.64,0.1,586.15,185.11,215.93
O02205,10-04-2025,C0558,P0504,S035,In-Store,1,23.22,0.1,20.9,13.96,6.94
O02206,11-07-2024,C0328,P1134,S011,In-Store,1,40.51,0.1,36.46,26.67,9.79
O02207,09-05-2024,C0354,P0286,S020,In-Store,3,43.94,0,131.82,31.01,38.79
O02208,28-02-2025,C0514,P0671,S039,In-Store,2,50.49,0,100.98,29.02,42.94
O02209,20-11-2024,C0056,P0688,S033,In-Store,4,83.95,0,335.8,58.01,103.76
O02210,29-01-2025,C0613,P0189,Online,Online,3,177.09,0.2,425.02,159.18,-52.52
O02211,17-08-2025,C0482,P0471,S040,In-Store,3,157.43,0.05,448.68,112.62,110.82
O02212,28-06-2024,C0144,P0609,S033,In-Store,1,240.26,0.1,216.23,179.5,36.73
O02213,06-06-2024,C0135,P0944,Online,Online,2,64.12,0.1,115.42,41.35,32.72
O02214,17-04-2025,C0584,P0940,Online,Online,1,21.41,0.1,19.27,16.72,2.55
O02215,07-08-2025,C0617,P0416,Online,Online,1,166.68,0.05,158.35,149.54,8.81
O02216,15-07-2024,C0547,P0062,Online,Online,2,234.63,0,469.26,138,193.26
O02217,13-06-2025,C0431,P0170,S004,In-Store,2,106.52,0.05,202.39,89.62,23.15
O02218,21-04-2024,C0659,P1067,S011,In-Store,2,301.78,0.2,482.85,160.88,161.09
O02219,31-10-2024,C0525,P0971,Online,In-Store,1,251.33,0.05,238.76,166.83,71.93
O02220,19-06-2024,C0570,P0139,S011,In-Store,2,334.96,0.2,535.94,185.16,165.62
O02221,22-08-2024,C0201,P0019,Online,Online,1,175.44,0.2,140.35,121.3,19.05
O02222,08-10-2024,C0700,P0128,S007,In-Store,2,115.63,0.2,185.01,58.49,68.03
O02223,23-10-2024,C0418,P0669,S013,In-Store,1,95.28,0.1,85.75,75.05,10.7
O02224,05-06-2024,C0494,P1048,Online,Online,1,60.3,0,60.3,41.7,18.6
O02225,13-03-2025,C0702,P0979,Online,Online,2,117.11,0.1,210.8,65.36,80.08
O02226,04-08-2025,C0508,P0179,S028,In-Store,1,82.77,0.2,66.22,51.26,14.96
O02227,12-06-2024,C0606,P0814,S004,In-Store,3,222.65,0.1,601.16,157.04,130.04
O02228,10-05-2024,C0405,P0279,S036,In-Store,1,62.1,0.1,55.89,51.34,4.55
O02229,03-04-2025,C0644,P0880,Online,Online,1,166.53,0.1,149.88,97.2,52.68
O02230,26-05-2024,C0601,P1177,S001,In-Store,2,59.49,0,118.98,42.92,33.14
O02231,20-04-2025,C0545,P0998,S030,In-Store,2,19.62,0.05,37.28,13.87,9.54
O02232,05-05-2025,C0544,P0479,S043,In-Store,1,86.86,0.1,78.17,66.07,12.1
O02233,15-10-2024,C0721,P0174,S026,In-Store,1,178.88,0.1,160.99,123.85,37.14
O02234,05-08-2025,C0174,P0603,S047,In-Store,2,31.8,0.1,57.24,24.75,7.74
O02235,30-11-2024,C0686,P0937,S028,In-Store,1,123.13,0.05,116.97,69.72,47.25
O02236,04-08-2025,C0379,P1004,S045,In-Store,3,232.49,0.1,627.72,157.88,154.08
O02237,09-01-2025,C0129,P1061,S053,In-Store,2,22.95,0,45.9,11.89,22.12
O02238,04-07-2024,C0073,P0903,S029,In-Store,2,221.79,0,443.58,165.61,112.36
O02239,03-04-2025,C0306,P1083,S040,In-Store,1,186.78,0.2,149.42,140.65,8.77
O02240,27-09-2024,C0473,P0029,S048,In-Store,1,37.24,0.1,33.52,28.6,4.92
O02241,12-08-2025,C0268,P0673,S050,In-Store,1,17.35,0.1,15.62,14.41,1.21
O02242,21-12-2025,C0211,P0871,S055,In-Store,1,10.05,0.05,9.55,8.78,0.77
O02243,16-02-2025,C0400,P1071,Online,Online,2,145.95,0.05,277.3,95.48,86.34
O02244,13-01-2025,C0653,P0060,Online,Online,1,146.26,0.1,131.63,118.59,13.04
O02245,22-12-2025,C0549,P0233,S036,In-Store,2,82.28,0.05,156.33,63.78,28.77
O02246,12-11-2024,C0503,P1103,Online,Online,1,180.59,0.1,162.53,158.62,3.91
O02247,27-08-2025,C0023,P1173,S010,In-Store,3,245.1,0,735.3,139.38,317.16
O02248,28-04-2025,C0590,P0096,S009,In-Store,1,8.71,0.2,6.97,6.15,0.82
O02249,03-01-2025,C0599,P0425,Online,Online,2,148.66,0.1,267.59,109.47,48.65
O02250,08-06-2025,C0672,P0641,S034,In-Store,2,240.92,0,481.84,123.63,234.58
O02251,13-11-2025,C0475,P0024,S042,In-Store,1,17.04,0.1,15.34,8.8,6.54
O02252,06-01-2025,C0689,P0808,Online,Online,2,276.8,0,553.6,185.54,182.52
O02253,22-12-2025,C0246,P1197,Online,Online,1,252.57,0.05,239.94,154.11,85.83
O02254,27-10-2024,C0545,P0257,S030,In-Store,3,145.59,0.1,393.09,118.63,37.2
O02255,21-01-2025,C0322,P0715,Online,Online,2,377.17,0.2,603.47,196,211.47
O02256,22-04-2025,C0060,P1087,S034,In-Store,1,36.72,0,36.72,18.53,18.19
O02257,11-05-2024,C0734,P0251,Online,Online,1,201.63,0.1,181.47,102.77,78.7
O02258,12-05-2025,C0138,P0613,Online,Online,2,316.84,0.2,506.94,194.29,118.36
O02259,25-08-2025,C0071,P0702,S050,In-Store,1,286.8,0.2,229.44,178.57,50.87
O02260,04-05-2024,C0775,P0823,Online,Online,1,121.11,0.2,96.89,85.42,11.47
O02261,08-04-2025,C0706,P0714,S038,In-Store,1,219.22,0.2,175.38,133.22,42.16
O02262,25-08-2025,C0214,P0723,Online,Online,1,170.31,0,170.31,138.26,32.05
O02263,17-07-2025,C0641,P0683,S055,In-Store,3,27.06,0.2,64.94,14.77,20.63
O02264,23-06-2025,C0648,P0597,S015,In-Store,1,105.66,0,105.66,73.49,32.17
O02265,17-10-2025,C0395,P0769,Online,Online,2,264.99,0.2,423.98,163.47,97.04
O02266,05-01-2025,C0365,P0710,S007,In-Store,2,23.5,0,47,14.07,18.86
O02267,10-08-2024,C0252,P0804,S039,In-Store,1,74.98,0,74.98,54.49,20.49
O02268,04-03-2025,C0520,P0491,S011,In-Store,1,205.2,0.2,164.16,156.25,7.91
O02269,03-01-2025,C0162,P1115,S049,In-Store,2,265.8,0.2,425.28,159.26,106.76
O02270,29-08-2024,C0351,P0510,Online,Online,1,156.58,0,156.58,142.22,14.36
O02271,08-03-2025,C0261,P0525,Online,Online,3,9.95,0.2,23.88,7.69,0.81
O02272,13-10-2024,C0107,P0945,S020,In-Store,3,83.93,0.05,239.2,53.24,79.48
O02273,10-05-2024,C0650,P0613,S016,In-Store,2,316.84,0,633.68,194.29,245.1
O02274,25-01-2025,C0127,P0076,Online,Online,1,114.03,0,114.03,83.47,30.56
O02275,11-06-2024,C0219,P0016,Online,Online,1,57.06,0.2,45.65,32.23,13.42
O02276,04-12-2025,C0432,P0275,S032,In-Store,1,284.15,0,284.15,168.64,115.51
O02277,19-07-2025,C0265,P0554,S033,In-Store,2,115.46,0.05,219.37,61.88,95.61
O02278,09-10-2025,C0600,P0432,S036,In-Store,2,95.18,0.2,152.29,49.8,52.69
O02279,03-01-2025,C0045,P0856,S016,In-Store,1,72.18,0,72.18,53.24,18.94
O02280,27-01-2025,C0177,P1035,S054,In-Store,1,130.92,0.1,117.83,71.44,46.39
O02281,19-06-2024,C0521,P0930,S055,In-Store,2,201.43,0.1,362.57,135.99,90.59
O02282,03-10-2024,C0359,P0229,S015,In-Store,1,206.09,0.1,185.48,134.08,51.4
O02283,28-12-2024,C0464,P0278,S007,In-Store,3,267.49,0.2,641.98,167.82,138.52
O02284,23-01-2025,C0201,P0043,S027,In-Store,2,123.95,0,247.9,62.86,122.18
O02285,12-12-2024,C0775,P0785,S052,In-Store,3,57.39,0.1,154.95,46.09,16.68
O02286,09-06-2025,C0784,P0071,Online,Online,1,171.21,0.05,162.65,121.33,41.32
O02287,07-08-2025,C0778,P1070,S032,In-Store,2,20.86,0.2,33.38,15.59,2.2
O02288,22-08-2025,C0481,P0907,S022,In-Store,3,221.46,0.05,631.16,177.15,99.71
O02289,28-02-2025,C0219,P0828,Online,Online,3,33.22,0.2,79.73,28.38,-5.41
O02290,09-02-2025,C0257,P0193,Online,Online,1,62.96,0,62.96,32.26,30.7
O02291,04-08-2025,C0637,P0230,S022,In-Store,1,73.43,0.05,69.76,47.04,22.72
O02292,02-12-2025,C0652,P0858,S011,In-Store,1,309.56,0.05,294.08,195.12,98.96
O02293,10-04-2025,C0357,P0541,S002,In-Store,2,102.78,0.1,185,53.41,78.18
O02294,18-01-2025,C0174,P0476,S039,In-Store,2,52.23,0,104.46,43.43,17.6
O02295,09-12-2025,C0364,P0922,S000,In-Store,1,281.17,0.1,253.05,150.8,102.25
O02296,25-03-2025,C0067,P0040,Online,Online,2,57.53,0.2,92.05,37.43,17.19
O02297,22-07-2024,C0721,P0557,Online,Online,1,40.6,0.05,38.57,28.54,10.03
O02298,13-01-2025,C0380,P0491,S041,In-Store,3,205.2,0,615.6,156.25,146.85
O02299,20-03-2025,C0494,P0633,Online,Online,1,13.12,0.05,12.46,11.45,1.01
O02300,29-06-2025,C0283,P1114,S001,In-Store,2,175.02,0.2,280.03,90.54,98.95
O02301,03-09-2025,C0399,P0523,S036,In-Store,1,228.06,0.2,182.45,187.12,-4.67
O02302,04-08-2025,C0181,P0764,Online,Online,3,241.25,0.2,579,143.88,147.36
O02303,16-10-2024,C0059,P0295,Online,Online,1,33.48,0,33.48,20.39,13.09
O02304,23-02-2025,C0710,P0438,Online,Online,1,270.3,0,270.3,193.94,76.36
O02305,24-06-2025,C0636,P0105,Online,Online,1,49.07,0.1,44.16,43.88,0.28
O02306,28-12-2025,C0441,P0203,S013,In-Store,1,259.84,0,259.84,158.79,101.05
O02307,19-02-2025,C0152,P1118,S044,In-Store,3,179.99,0.05,512.97,140.01,92.94
O02308,31-05-2024,C0155,P0071,Online,Online,1,171.21,0.1,154.09,121.33,32.76
O02309,25-03-2025,C0242,P0800,S026,In-Store,2,100.39,0.05,190.74,78.13,34.48
O02310,19-01-2025,C0369,P0402,S034,In-Store,20,19.94,0,398.8,14.14,116
O02311,16-04-2025,C0476,P0974,S001,In-Store,3,92.62,0,277.86,53.77,116.55
O02312,28-09-2025,C0249,P0279,S051,In-Store,1,62.1,0,62.1,51.34,10.76
O02313,23-12-2024,C0472,P0442,S005,In-Store,1,206.69,0.05,196.36,149.23,47.13
O02314,03-10-2024,C0035,P0924,Online,Online,3,59.5,0,178.5,34.87,73.89
O02315,10-10-2025,C0553,P0779,S047,In-Store,2,113.02,0.2,180.83,78.45,23.93
O02316,31-05-2025,C0670,P0798,S011,In-Store,1,97.75,0,97.75,54.63,43.12
O02317,16-02-2025,C0259,P0647,S045,In-Store,1,139.35,0.1,125.42,105.87,19.55
O02318,26-02-2025,C0476,P0229,S007,In-Store,2,206.09,0.05,391.57,134.08,123.41
O02319,15-11-2025,C0070,P0970,S029,In-Store,2,144.34,0.1,259.81,87.38,85.05
O02320,20-02-2025,C0416,P0110,S009,In-Store,1,280.19,0.05,266.18,170.81,95.37
O02321,04-06-2025,C0300,P0269,Online,Online,1,299.19,0.05,284.23,164.29,119.94
O02322,23-01-2025,C0406,P0031,Online,Online,2,340.18,0.05,646.34,181.56,283.22
O02323,23-09-2025,C0601,P0552,S009,In-Store,1,167.38,0,167.38,94.4,72.98
O02324,01-12-2025,C0312,P0913,S030,In-Store,1,211.23,0.05,200.67,105.93,94.74
O02325,14-02-2025,C0023,P0426,S026,In-Store,1,289.27,0.1,260.34,184.02,76.32
O02326,27-06-2024,C0230,P0267,S005,In-Store,2,349.07,0.2,558.51,193.29,171.93
O02327,14-03-2025,C0307,P1141,Online,Online,2,83.18,0.05,158.04,51.9,54.24
O02328,21-05-2024,C0353,P0735,S022,In-Store,1,196.86,0,196.86,158.32,38.54
O02329,16-06-2025,C0134,P0216,Online,Online,3,328.08,0,984.24,190.95,411.39
O02330,18-03-2025,C0549,P1190,S005,In-Store,2,305.51,0.05,580.47,181.82,216.83
O02331,13-02-2025,C0553,P0828,S044,In-Store,3,33.22,0.1,89.69,28.38,4.55
O02332,31-10-2025,C0548,P0847,Online,Online,1,292.23,0.2,233.78,174.31,59.47
O02333,03-05-2025,C0526,P0862,Online,Online,1,105.88,0.2,84.7,85.38,-0.68
O02334,13-11-2025,C0060,P0019,S017,In-Store,1,175.44,0.1,157.9,121.3,36.6
O02335,27-08-2024,C0024,P1046,S028,In-Store,1,206.49,0,206.49,141.93,64.56
O02336,02-10-2025,C0112,P1171,Online,Online,1,230.62,0.1,207.56,185.92,21.64
O02337,07-01-2025,C0580,P0267,Online,Online,2,349.07,0.1,628.33,193.29,241.75
O02338,15-12-2025,C0413,P1169,S048,In-Store,2,50.9,0.05,96.71,33.85,29.01
O02339,26-09-2025,C0747,P0261,S050,In-Store,2,128.2,0.1,230.76,71.64,87.48
O02340,22-04-2024,C0285,P1106,Online,Online,2,88.1,0.2,140.96,52.32,36.32
O02341,28-04-2024,C0040,P1032,Online,Online,4,146.59,0.05,557.04,84.11,220.6
O02342,02-05-2025,C0540,P0840,S027,In-Store,1,61.12,0.05,58.06,39.44,18.62
O02343,26-06-2024,C0009,P0344,Online,Online,1,196.16,0.05,186.35,143.2,43.15
O02344,12-09-2024,C0744,P1006,S047,In-Store,2,262.46,0.05,498.67,194.07,110.53
O02345,03-09-2024,C0367,P0673,Online,Online,1,17.35,0.05,16.48,14.41,2.07
O02346,24-12-2024,C0002,P0124,Online,Online,3,76.7,0.2,184.08,57.83,10.59
O02347,14-11-2024,C0298,P0825,S037,In-Store,1,138.88,0,138.88,97.93,40.95
O02348,13-04-2024,C0003,P1057,S049,In-Store,1,176.53,0,176.53,107.05,69.48
O02349,15-07-2024,C0121,P0831,S001,In-Store,1,183.87,0,183.87,151.28,32.59
O02350,15-10-2025,C0771,P0311,S008,In-Store,2,248.9,0.2,398.24,159.77,78.7
O02351,12-08-2025,C0467,P1191,S017,In-Store,1,199.61,0.2,159.69,101.14,58.55
O02352,16-11-2024,C0632,P0091,S034,In-Store,1,27.29,0.1,24.56,20.11,4.45
O02353,20-10-2024,C0084,P1121,S016,In-Store,3,7.73,0.2,18.55,5.89,0.88
O02354,07-07-2025,C0051,P0047,S052,In-Store,1,141,0.1,126.9,86.75,40.15
O02355,19-12-2024,C0255,P0889,Online,Online,2,13.19,0,26.38,9.16,8.06
O02356,13-02-2025,C0250,P0912,Online,Online,2,134.46,0,268.92,92.26,84.4
O02357,10-01-2025,C0087,P0651,Online,Online,1,315.36,0.1,283.82,169.86,113.96
O02358,30-07-2025,C0337,P1026,Online,Online,2,42.13,0.1,75.83,23.12,29.59
O02359,08-11-2025,C0018,P0387,S051,In-Store,1,19.5,0,19.5,13.83,5.67
O02360,06-07-2024,C0208,P0663,S017,In-Store,2,164.71,0.2,263.54,83.66,96.22
O02361,01-11-2024,C0457,P0658,S036,In-Store,1,136.72,0.1,123.05,84.79,38.26
O02362,18-09-2024,C0720,P0559,S027,In-Store,2,286.97,0.2,459.15,166.15,126.85
O02363,28-01-2025,C0054,P0195,Online,Online,3,151.18,0.05,430.86,77.35,198.81
O02364,05-06-2025,C0659,P0032,S045,In-Store,2,175.11,0,350.22,135.45,79.32
O02365,06-06-2024,C0155,P0282,S032,In-Store,2,147.51,0.2,236.02,116.28,3.46
O02366,28-12-2024,C0785,P0591,Online,In-Store,1,236.24,0.2,188.99,122.47,66.52
O02367,21-12-2024,C0543,P0709,S004,In-Store,1,210.81,0.2,168.65,165.79,2.86
O02368,27-03-2025,C0332,P0278,S050,In-Store,3,267.49,0.1,722.22,167.82,218.76
O02369,16-03-2025,C0197,P0842,Online,In-Store,1,161.17,0.05,153.11,139.66,13.45
O02370,24-11-2025,C0465,P0035,Online,Online,1,270.68,0,270.68,136.31,134.37
O02371,25-02-2025,C0096,P1146,S035,In-Store,2,250.84,0.1,451.51,179.22,93.07
O02372,14-06-2024,C0118,P0857,Online,In-Store,1,17.94,0.05,17.04,10.57,6.47
O02373,26-06-2024,C0335,P0708,S018,In-Store,1,157.48,0.2,125.98,124.12,1.86
O02374,26-03-2025,C0032,P0124,S011,In-Store,1,76.7,0.05,72.86,57.83,15.03
O02375,19-07-2024,C0436,P0836,Online,Online,1,60.54,0,60.54,40.86,19.68
O02376,22-06-2024,C0248,P1069,Online,Online,1,76.9,0,76.9,51.4,25.5
O02377,08-09-2025,C0740,P0359,Online,Online,2,86.22,0.05,163.82,46.73,70.36
O02378,04-09-2024,C0642,P0874,Online,Online,2,119.65,0,239.3,65.76,107.78
O02379,01-03-2025,C0670,P0541,S045,In-Store,2,102.78,0.1,185,53.41,78.18
O02380,23-12-2025,C0753,P0879,S020,In-Store,1,168.21,0.05,159.8,148.84,10.96
O02381,25-06-2024,C0790,P0529,S046,In-Store,1,135.66,0,135.66,81.19,54.47
O02382,18-10-2024,C0312,P0363,S028,In-Store,2,382.32,0.2,611.71,193.08,225.55
O02383,10-05-2024,C0649,P0614,S001,In-Store,3,332.16,0,996.48,193.3,416.58
O02384,15-09-2024,C0340,P0484,Online,Online,2,130.78,0.2,209.25,84.78,39.69
O02385,26-03-2025,C0640,P0419,S019,In-Store,1,209.55,0.2,167.64,147.89,19.75
O02386,05-01-2025,C0265,P0481,Online,In-Store,1,134.56,0,134.56,87.49,47.07
O02387,17-07-2024,C0419,P1095,Online,Online,1,96.11,0.1,86.5,70.02,16.48
O02388,09-07-2025,C0767,P0258,S042,In-Store,2,52.4,0.05,99.56,30.15,39.26
O02389,26-04-2024,C0003,P1043,S026,In-Store,2,321.82,0.2,514.91,198.11,118.69
O02390,23-03-2025,C0715,P0819,S054,In-Store,2,85.93,0.05,163.27,71.29,20.69
O02391,20-02-2025,C0078,P0905,S026,In-Store,1,138.07,0.2,110.46,108.67,1.79
O02392,31-03-2025,C0276,P0600,S053,In-Store,3,221.76,0,665.28,178.15,130.83
O02393,23-02-2025,C0592,P0123,S023,In-Store,1,159.16,0,159.16,112.93,46.23
O02394,27-06-2024,C0111,P1045,S036,In-Store,2,35.73,0.2,57.17,26.39,4.39
O02395,15-06-2025,C0149,P0257,Online,Online,1,145.59,0.1,131.03,118.63,12.4
O02396,19-11-2024,C0314,P0109,S026,In-Store,1,241.11,0.2,192.89,188.59,4.3
O02397,15-05-2024,C0113,P0308,Online,Online,2,53.99,0.2,86.38,28.91,28.56
O02398,02-06-2025,C0619,P0729,Online,Online,2,183.66,0.1,330.59,92.52,145.55
O02399,22-03-2025,C0176,P0035,S042,In-Store,2,270.68,0.1,487.22,136.31,214.6
O02400,27-10-2025,C0658,P0180,S006,In-Store,2,331.2,0.2,529.92,195.7,138.52
O02401,04-06-2024,C0559,P1127,Online,Online,1,119.95,0.05,113.95,99.59,14.36
O02402,31-07-2025,C0002,P0878,Online,Online,4,340.01,0.05,1292.04,195.05,511.84
O02403,31-10-2025,C0600,P0588,S055,In-Store,3,165.38,0.05,471.33,131.59,76.56
O02404,16-02-2025,C0540,P1058,Online,Online,2,219.39,0.2,351.02,138.39,74.24
O02405,22-10-2025,C0414,P0829,Online,Online,2,244.31,0,488.62,170.36,147.9
O02406,27-12-2025,C0100,P0206,S011,In-Store,3,44.72,0,134.16,38.98,17.22
O02407,19-07-2024,C0379,P0636,Online,Online,2,168.98,0.1,304.16,119.44,65.28
O02408,14-04-2025,C0743,P0381,Online,Online,2,169.3,0,338.6,107.47,123.66
O02409,20-05-2024,C0411,P0104,S047,In-Store,10,237.61,0.2,1900.88,131.78,583.08
O02410,07-02-2025,C0245,P1017,Online,Online,1,212.78,0.2,170.22,178.39,-8.17
O02411,22-10-2024,C0059,P0414,Online,Online,1,162.49,0.05,154.37,105,49.37
O02412,30-12-2025,C0457,P1127,S039,In-Store,2,119.95,0,239.9,99.59,40.72
O02413,23-01-2025,C0282,P0066,Online,In-Store,1,224.19,0.1,201.77,172.43,29.34
O02414,21-07-2024,C0486,P0239,Online,Online,3,322.42,0.2,773.81,167.25,272.06
O02415,14-01-2025,C0603,P0955,S035,In-Store,2,222.1,0.2,355.36,113.68,128
O02416,15-10-2025,C0767,P0214,S048,In-Store,1,262.36,0.2,209.89,178.18,31.71
O02417,24-03-2025,C0159,P0726,S039,In-Store,1,268.98,0,268.98,185.66,83.32
O02418,17-12-2025,C0264,P0201,Online,In-Store,1,63.7,0.2,50.96,52.5,-1.54
O02419,23-08-2025,C0336,P0746,S040,In-Store,2,28.27,0,56.54,15.58,25.38
O02420,24-02-2025,C0448,P0697,Online,Online,2,210.41,0.05,399.78,151.53,96.72
O02421,21-06-2024,C0023,P0967,S035,In-Store,2,177.85,0.2,284.56,94.1,96.36
O02422,21-08-2024,C0003,P0965,Online,Online,1,264.41,0.2,211.53,178.08,33.45
O02423,12-04-2024,C0057,P0464,S017,In-Store,2,30.5,0.2,48.8,25.66,-2.52
O02424,12-11-2025,C0028,P1131,S007,In-Store,1,64.36,0.2,51.49,33.26,18.23
O02425,16-12-2025,C0158,P0265,S043,In-Store,2,145.45,0.2,232.72,85.12,62.48
O02426,01-03-2025,C0502,P0247,S031,In-Store,2,170.48,0.1,306.86,120.33,66.2
O02427,11-12-2025,C0041,P0916,S035,In-Store,2,117.56,0,235.12,94.77,45.58
O02428,29-04-2025,C0007,P0372,S035,In-Store,2,206.16,0,412.32,115.72,180.88
O02429,18-05-2025,C0733,P1124,Online,In-Store,2,67.07,0.2,107.31,39.38,28.55
O02430,08-05-2025,C0512,P0064,Online,Online,3,17.33,0.1,46.79,9.83,17.3
O02431,29-12-2024,C0300,P0397,S008,In-Store,1,29.62,0.05,28.14,18.12,10.02
O02432,14-06-2024,C0190,P0332,S007,In-Store,2,159.7,0.2,255.52,102.16,51.2
O02433,15-08-2024,C0135,P0787,S048,In-Store,1,220.2,0.2,176.16,178.71,-2.55
O02434,18-02-2025,C0466,P0531,S030,In-Store,1,223.17,0,223.17,185.3,37.87
O02435,15-05-2024,C0453,P0730,Online,Online,2,179.11,0,358.22,148.34,61.54
O02436,20-03-2025,C0373,P0290,Online,Online,3,209.97,0,629.91,105.5,313.41
O02437,15-01-2025,C0416,P0610,S024,In-Store,10,254.51,0,2545.1,177.67,768.4
O02438,01-10-2025,C0009,P0445,Online,Online,1,35.94,0,35.94,22.48,13.46
O02439,04-12-2024,C0664,P1070,S057,In-Store,1,20.86,0.05,19.82,15.59,4.23
O02440,03-11-2025,C0216,P0230,S055,In-Store,1,73.43,0.05,69.76,47.04,22.72
O02441,05-05-2024,C0295,P1109,S032,In-Store,2,200.18,0,400.36,121.02,158.32
O02442,02-10-2025,C0010,P0617,S047,In-Store,1,43.85,0.2,35.08,29.61,5.47
O02443,24-04-2025,C0076,P0031,S014,In-Store,3,340.18,0,1020.54,181.56,475.86
O02444,02-05-2024,C0377,P0145,S046,In-Store,1,193.44,0.1,174.1,153.81,20.29
O02445,03-10-2025,C0731,P1126,S044,In-Store,2,29.09,0.1,52.36,25.36,1.64
O02446,02-10-2024,C0600,P0501,Online,Online,1,310.14,0.1,279.13,170.77,108.36
O02447,09-10-2024,C0563,P0185,Online,Online,2,189.67,0.1,341.41,150.76,39.89
O02448,23-11-2024,C0121,P0565,S026,In-Store,2,129.36,0.1,232.85,77.59,77.67
O02449,07-07-2025,C0159,P1004,S051,In-Store,2,232.49,0.2,371.98,157.88,56.22
O02450,19-08-2025,C0125,P0655,S035,In-Store,1,25.85,0.1,23.26,15.47,7.79
O02451,23-01-2025,C0783,P0227,Online,Online,2,252.06,0,504.12,156.48,191.16
O02452,30-03-2025,C0504,P0674,S008,In-Store,1,170.59,0.05,162.06,111.72,50.34
O02453,08-07-2025,C0783,P1152,S006,In-Store,1,271.06,0.1,243.95,151.87,92.08
O02454,19-02-2025,C0158,P0770,S040,In-Store,3,221.83,0,665.49,110.98,332.55
O02455,13-10-2024,C0612,P0945,Online,Online,2,83.93,0.2,134.29,53.24,27.81
O02456,19-09-2025,C0302,P0599,S047,In-Store,2,131.38,0.1,236.48,67.15,102.18
O02457,21-10-2024,C0432,P0947,S002,In-Store,1,101.12,0.1,91.01,51.06,39.95
O02458,27-09-2025,C0104,P0055,S003,In-Store,2,214.63,0.2,343.41,122.94,97.53
O02459,19-04-2025,C0393,P0539,S030,In-Store,2,140.12,0.05,266.23,96.99,72.25
O02460,04-06-2025,C0740,P0125,Online,Online,1,44.79,0.2,35.83,28.31,7.52
O02461,17-04-2024,C0233,P1085,Online,Online,2,42.67,0.05,81.07,36.58,7.91
O02462,07-11-2024,C0303,P0149,S032,In-Store,1,29.42,0.1,26.48,22.17,4.31
O02463,30-03-2025,C0687,P0370,S010,In-Store,3,106.39,0.05,303.21,58.2,128.61
O02464,28-04-2025,C0789,P0807,S025,In-Store,1,135.25,0.05,128.49,80.88,47.61
O02465,24-03-2025,C0190,P1136,S019,In-Store,1,40.91,0,40.91,21.86,19.05
O02466,16-04-2025,C0438,P0513,Online,Online,2,27.18,0.2,43.49,18.81,5.87
O02467,10-07-2025,C0386,P0423,Online,Online,2,148.79,0,297.58,103.62,90.34
O02468,22-10-2025,C0723,P0422,S013,In-Store,1,221.49,0.2,177.19,169.3,7.89
O02469,20-05-2025,C0708,P0283,S008,In-Store,1,303.48,0.05,288.31,190.91,97.4
O02470,06-10-2024,C0441,P1032,S038,In-Store,4,146.59,0,586.36,84.11,249.92
O02471,18-05-2024,C0687,P0061,S033,In-Store,1,147.64,0.2,118.11,76.11,42
O02472,09-02-2025,C0239,P0361,Online,Online,2,214,0.1,385.2,135.62,113.96
O02473,01-03-2025,C0796,P0481,Online,Online,1,134.56,0.1,121.1,87.49,33.61
O02474,28-05-2025,C0703,P1074,S038,In-Store,1,330.13,0.05,313.62,192.54,121.08
O02475,23-05-2024,C0591,P0856,S057,In-Store,1,72.18,0.1,64.96,53.24,11.72
O02476,21-12-2024,C0460,P0878,S049,In-Store,1,340.01,0,340.01,195.05,144.96
O02477,30-01-2025,C0698,P0658,S003,In-Store,1,136.72,0.2,109.38,84.79,24.59
O02478,19-04-2025,C0474,P1023,S022,In-Store,1,16.77,0.1,15.09,14.89,0.2
O02479,19-05-2024,C0078,P0199,S001,In-Store,2,115.92,0.05,220.25,58.8,102.65
O02480,11-02-2025,C0539,P0531,Online,Online,1,223.17,0.05,212.01,185.3,26.71
O02481,04-08-2025,C0412,P0266,S013,In-Store,1,273.92,0.05,260.22,151.72,108.5
O02482,24-12-2024,C0180,P0359,Online,In-Store,2,86.22,0.2,137.95,46.73,44.49
O02483,06-09-2025,C0779,P0153,S053,In-Store,1,56.67,0.1,51,28.68,22.32
O02484,24-01-2025,C0501,P0872,S031,In-Store,1,72.76,0,72.76,60.01,12.75
O02485,29-12-2025,C0058,P0603,Online,Online,2,31.8,0.1,57.24,24.75,7.74
O02486,02-12-2024,C0274,P1131,S035,In-Store,2,64.36,0.05,122.28,33.26,55.76
O02487,31-07-2025,C0179,P0212,S037,In-Store,1,313.84,0,313.84,198.95,114.89
O02488,25-05-2025,C0183,P0383,Online,Online,1,108.18,0.05,102.77,68.98,33.79
O02489,10-11-2024,C0582,P1125,Online,Online,1,90.35,0.1,81.32,60.59,20.73
O02490,31-10-2024,C0407,P0550,S004,In-Store,1,142.36,0,142.36,108.31,34.05
O02491,02-11-2025,C0025,P0146,S056,In-Store,1,297.56,0,297.56,199.4,98.16
O02492,22-01-2025,C0082,P0819,S028,In-Store,1,85.93,0,85.93,71.29,14.64
O02493,29-04-2024,C0701,P0022,S018,In-Store,2,124.36,0.05,236.28,104,28.28
O02494,08-07-2025,C0423,P0939,Online,Online,3,201.44,0.1,543.89,118.69,187.82
O02495,18-02-2025,C0229,P0231,S028,In-Store,1,103.03,0.05,97.88,60.23,37.65
O02496,04-05-2024,C0596,P0908,S015,In-Store,2,210.56,0,421.12,133.22,154.68
O02497,23-06-2025,C0576,P0066,S048,In-Store,1,224.19,0.1,201.77,172.43,29.34
O02498,05-12-2024,C0160,P0716,S039,In-Store,2,380.68,0.1,685.22,192.9,299.42
O02499,23-09-2025,C0618,P0448,Online,In-Store,1,117.04,0.05,111.19,101.16,10.03
O02500,02-02-2025,C0161,P1010,Online,Online,2,228.83,0,457.66,166.74,124.18
O02501,06-06-2025,C0586,P0241,S014,In-Store,1,195.47,0.1,175.92,150.43,25.49
O02502,29-06-2024,C0305,P1153,S003,In-Store,3,152.8,0.05,435.48,103.2,125.88
O02503,30-12-2024,C0735,P0859,S041,In-Store,1,335.31,0.1,301.78,194.06,107.72
O02504,14-12-2024,C0464,P0340,S019,In-Store,2,68.28,0.1,122.9,43.82,35.26
O02505,22-03-2025,C0602,P1001,Online,Online,1,125.39,0.1,112.85,71.57,41.28
O02506,07-02-2025,C0740,P0001,S034,In-Store,1,13.26,0.2,10.61,11.2,-0.59
O02507,29-07-2025,C0002,P0857,S023,In-Store,1,17.94,0.2,14.35,10.57,3.78
O02508,06-03-2025,C0022,P0347,Online,Online,1,63.73,0,63.73,38.25,25.48
O02509,29-10-2024,C0105,P1157,S054,In-Store,1,35.5,0.05,33.72,26.33,7.39
O02510,13-08-2025,C0169,P0381,S057,In-Store,1,169.3,0.1,152.37,107.47,44.9
O02511,12-05-2024,C0306,P0487,S017,In-Store,2,134.85,0.1,242.73,112.2,18.33
O02512,08-12-2025,C0035,P1197,Online,Online,2,252.57,0.05,479.88,154.11,171.66
O02513,08-08-2024,C0197,P0506,Online,Online,2,76.44,0,152.88,44.45,63.98
O02514,24-11-2024,C0250,P0732,Online,Online,2,186.46,0.05,354.27,95.93,162.41
O02515,14-08-2024,C0667,P0678,S003,In-Store,1,109.85,0,109.85,74.79,35.06
O02516,22-11-2024,C0746,P0463,S018,In-Store,2,192.98,0.1,347.36,114.83,117.7
O02517,06-12-2024,C0699,P0068,Online,Online,1,111.71,0.2,89.37,82.7,6.67
O02518,10-10-2024,C0567,P1147,Online,Online,2,262.37,0.05,498.5,151.81,194.88
O02519,14-08-2025,C0773,P0502,Online,Online,2,256.28,0.05,486.93,165.85,155.23
O02520,07-03-2025,C0252,P0807,Online,In-Store,1,135.25,0.2,108.2,80.88,27.32
O02521,08-11-2025,C0550,P0054,S047,In-Store,2,315.6,0.05,599.64,178.49,242.66
O02522,04-02-2025,C0373,P0551,S005,In-Store,1,170.18,0.05,161.67,143.77,17.9
O02523,03-04-2025,C0058,P0909,S048,In-Store,1,224.22,0.2,179.38,112.27,67.11
O02524,03-10-2024,C0626,P0274,S007,In-Store,3,285.95,0.05,814.96,198.93,218.17
O02525,13-10-2025,C0508,P0822,Online,Online,1,79.83,0.2,63.86,55.27,8.59
O02526,04-01-2025,C0602,P0761,Online,Online,1,240.31,0,240.31,125.81,114.5
O02527,25-04-2025,C0393,P0373,S055,In-Store,2,124.26,0.1,223.67,105.48,12.71
O02528,10-12-2024,C0579,P0416,S021,In-Store,2,166.68,0,333.36,149.54,34.28
O02529,04-10-2024,C0185,P0810,S044,In-Store,1,235.44,0.05,223.67,143.76,79.91
O02530,20-02-2025,C0381,P0475,S008,In-Store,3,213.94,0.2,513.46,117.58,160.72
O02531,26-12-2024,C0280,P0969,S042,In-Store,2,171.98,0.2,275.17,90.71,93.75
O02532,29-01-2025,C0105,P0290,S056,In-Store,1,209.97,0.2,167.98,105.5,62.48
O02533,26-11-2025,C0784,P0468,Online,Online,1,146.22,0.05,138.91,97.85,41.06
O02534,01-08-2025,C0545,P0550,S008,In-Store,1,142.36,0.1,128.12,108.31,19.81
O02535,01-06-2024,C0170,P0216,Online,Online,2,328.08,0.05,623.35,190.95,241.45
O02536,11-05-2024,C0363,P0020,S017,In-Store,1,165.62,0.05,157.34,137.66,19.68
O02537,30-04-2025,C0142,P0205,S006,In-Store,4,14.31,0.1,51.52,7.9,19.92
O02538,24-10-2025,C0050,P1059,S031,In-Store,2,121.32,0.2,194.11,109.33,-24.55
O02539,05-02-2025,C0267,P0954,S008,In-Store,2,213.86,0.1,384.95,132.97,119.01
O02540,26-07-2024,C0257,P0268,Online,Online,3,128.63,0,385.89,95.03,100.8
O02541,22-05-2025,C0241,P0520,S043,In-Store,4,288.31,0.1,1037.92,170.34,356.56
O02542,02-08-2025,C0552,P0224,S047,In-Store,2,11.66,0,23.32,6.19,10.94
O02543,29-04-2025,C0555,P0989,S027,In-Store,2,220.95,0.2,353.52,186.64,-19.76
O02544,01-08-2024,C0588,P0406,S056,In-Store,2,76.46,0.05,145.27,54.72,35.83
O02545,08-12-2024,C0603,P0595,S027,In-Store,1,277.06,0.1,249.35,158.47,90.88
O02546,26-03-2025,C0632,P0117,Online,Online,1,197.56,0.2,158.05,116.12,41.93
O02547,14-11-2025,C0681,P0593,S017,In-Store,1,71.58,0,71.58,37.74,33.84
O02548,21-08-2025,C0341,P1031,S022,In-Store,1,119.03,0.05,113.08,94.94,18.14
O02549,19-10-2025,C0554,P0351,S020,In-Store,1,170.33,0.2,136.26,106.14,30.12
O02550,04-11-2025,C0489,P0276,S011,In-Store,1,112.54,0,112.54,60.94,51.6
O02551,04-10-2024,C0272,P0814,S042,In-Store,1,222.65,0.05,211.52,157.04,54.48
O02552,20-06-2025,C0221,P0653,S005,In-Store,2,62.89,0.2,100.62,48.34,3.94
O02553,16-02-2025,C0162,P0353,Online,Online,10,157.81,0.1,1420.29,123.96,180.69
O02554,04-11-2025,C0108,P1092,Online,Online,2,48.28,0.2,77.25,34.56,8.13
O02555,23-03-2025,C0307,P0915,Online,Online,1,287.43,0.2,229.94,184.23,45.71
O02556,19-03-2025,C0778,P0515,S041,In-Store,5,29.47,0,147.35,18.34,55.65
O02557,08-09-2025,C0173,P0332,Online,Online,3,159.7,0.1,431.19,102.16,124.71
O02558,04-07-2024,C0583,P1174,Online,Online,1,95.11,0,95.11,65.08,30.03
O02559,23-05-2025,C0620,P0855,S053,In-Store,2,147.61,0.2,236.18,125.53,-14.88
O02560,18-10-2025,C0419,P0816,Online,Online,1,235.03,0.1,211.53,146.6,64.93
O02561,02-11-2025,C0053,P1189,S012,In-Store,1,252.18,0.05,239.57,132.49,107.08
O02562,15-01-2025,C0291,P0080,Online,Online,1,117.89,0.05,112,91.22,20.78
O02563,26-08-2025,C0051,P0172,S015,In-Store,2,89.42,0.1,160.96,62.21,36.54
O02564,12-08-2024,C0551,P0363,Online,Online,1,382.32,0.1,344.09,193.08,151.01
O02565,12-07-2025,C0095,P0177,S014,In-Store,2,128.6,0.2,205.76,91.14,23.48
O02566,06-10-2024,C0711,P0095,S001,In-Store,2,145.13,0.05,275.75,80.95,113.85
O02567,01-09-2024,C0674,P0076,S017,In-Store,3,114.03,0.2,273.67,83.47,23.26
O02568,15-01-2025,C0701,P0856,S003,In-Store,1,72.18,0.2,57.74,53.24,4.5
O02569,26-06-2024,C0132,P0800,Online,Online,2,100.39,0.1,180.7,78.13,24.44
O02570,20-06-2025,C0586,P0666,Online,Online,2,78.53,0.05,149.21,65.86,17.49
O02571,05-11-2025,C0433,P0184,S027,In-Store,1,207.61,0.05,197.23,118.02,79.21
O02572,25-06-2024,C0689,P0227,Online,Online,1,252.06,0.05,239.46,156.48,82.98
O02573,07-11-2024,C0117,P0025,S050,In-Store,3,83.7,0.1,225.99,51.97,70.08
O02574,22-06-2024,C0095,P0891,Online,Online,2,183.58,0.05,348.8,115.51,117.78
O02575,13-03-2025,C0398,P0714,Online,Online,2,219.22,0.1,394.6,133.22,128.16
O02576,29-01-2025,C0766,P0402,S029,In-Store,1,19.94,0.2,15.95,14.14,1.81
O02577,03-01-2025,C0397,P1071,S017,In-Store,1,145.95,0.2,116.76,95.48,21.28
O02578,04-03-2025,C0770,P0064,S044,In-Store,1,17.33,0.05,16.46,9.83,6.63
O02579,02-01-2025,C0618,P0598,Online,Online,1,169.19,0,169.19,93,76.19
O02580,06-02-2025,C0438,P0142,S054,In-Store,1,132.42,0.1,119.18,96.4,22.78
O02581,28-09-2025,C0563,P0903,Online,Online,1,221.79,0,221.79,165.61,56.18
O02582,21-05-2025,C0506,P1156,Online,Online,1,31.98,0.1,28.78,22.03,6.75
O02583,14-09-2024,C0042,P0345,Online,Online,1,270.31,0.05,256.79,136.39,120.4
O02584,22-06-2024,C0273,P0547,Online,Online,2,235.33,0.2,376.53,147.83,80.87
O02585,24-01-2025,C0275,P0707,S021,In-Store,2,185.84,0.05,353.1,101.02,151.06
O02586,09-06-2025,C0398,P1172,Online,Online,1,354.52,0,354.52,179.72,174.8
O02587,17-06-2024,C0300,P1097,S014,In-Store,1,165.33,0.2,132.26,131.32,0.94
O02588,17-07-2025,C0140,P0856,S002,In-Store,1,72.18,0.1,64.96,53.24,11.72
O02589,06-01-2025,C0177,P0405,S046,In-Store,1,226.02,0.1,203.42,114.67,88.75
O02590,20-04-2024,C0012,P0006,S014,In-Store,2,233.12,0.1,419.62,147.3,125.02
O02591,29-09-2024,C0320,P0986,S017,In-Store,2,250.43,0.05,475.82,135.06,205.7
O02592,05-03-2025,C0743,P0570,Online,Online,1,245.4,0,245.4,182.12,63.28
O02593,08-08-2024,C0033,P1191,S030,In-Store,1,199.61,0,199.61,101.14,98.47
O02594,19-09-2024,C0437,P0102,S054,In-Store,2,221.14,0.2,353.82,153.44,46.94
O02595,11-02-2025,C0300,P0454,S058,In-Store,1,57.81,0.1,52.03,39.64,12.39
O02596,05-03-2025,C0468,P0104,S024,In-Store,1,237.61,0,237.61,131.78,105.83
O02597,25-04-2024,C0462,P0719,S016,In-Store,3,330.88,0.2,794.11,196.36,205.03
O02598,14-08-2025,C0134,P0794,S025,In-Store,2,278.03,0,556.06,176.16,203.74
O02599,03-04-2025,C0304,P0178,S052,In-Store,2,129.07,0,258.14,94.08,69.98
O02600,01-09-2024,C0152,P0927,S044,In-Store,1,33.5,0.05,31.82,21.59,10.23
O02601,15-05-2025,C0112,P0022,S019,In-Store,2,124.36,0.1,223.85,104,15.85
O02602,31-08-2025,C0465,P1151,S018,In-Store,3,258.14,0.05,735.7,196.34,146.68
O02603,01-11-2024,C0770,P0877,Online,Online,1,238.06,0,238.06,179.66,58.4
O02604,26-06-2025,C0253,P0909,Online,Online,3,224.22,0.2,538.13,112.27,201.32
O02605,27-12-2025,C0251,P0432,Online,Online,3,95.18,0.2,228.43,49.8,79.03
O02606,26-11-2024,C0681,P0432,Online,Online,3,95.18,0.2,228.43,49.8,79.03
O02607,10-04-2025,C0698,P0246,S008,In-Store,2,40,0.05,76,34.44,7.12
O02608,02-03-2025,C0430,P0840,S030,In-Store,2,61.12,0.1,110.02,39.44,31.14
O02609,10-09-2024,C0629,P0033,S028,In-Store,3,288.63,0.2,692.71,158,218.71
O02610,23-02-2025,C0514,P0674,S051,In-Store,2,170.59,0,341.18,111.72,117.74
O02611,05-05-2024,C0769,P0420,S013,In-Store,1,291.86,0.1,262.67,183.8,78.87
O02612,02-10-2024,C0173,P1054,S055,In-Store,1,193.12,0.2,154.5,143.87,10.63
O02613,16-07-2024,C0024,P0644,S040,In-Store,2,177.67,0.1,319.81,104.75,110.31
O02614,28-01-2025,C0686,P0619,S008,In-Store,1,181.23,0,181.23,113.49,67.74
O02615,29-07-2025,C0060,P0537,S035,In-Store,1,101.98,0.2,81.58,76.7,4.88
O02616,14-12-2025,C0783,P0159,S025,In-Store,3,223.52,0.2,536.45,165.01,41.42
O02617,17-06-2025,C0400,P0421,Online,Online,1,322.09,0,322.09,189.31,132.78
O02618,01-09-2024,C0411,P0333,S043,In-Store,3,18.57,0,55.71,9.52,27.15
O02619,19-11-2024,C0594,P1190,Online,Online,3,305.51,0,916.53,181.82,371.07
O02620,07-02-2025,C0580,P1098,S031,In-Store,1,91.83,0,91.83,63.28,28.55
O02621,05-05-2025,C0428,P0661,S049,In-Store,2,104.14,0.05,197.87,58.34,81.19
O02622,29-08-2024,C0238,P0949,Online,Online,2,65.96,0,131.92,34.58,62.76
O02623,17-09-2025,C0315,P0537,Online,Online,3,101.98,0.1,275.35,76.7,45.25
O02624,16-07-2025,C0211,P0510,S042,In-Store,2,156.58,0.05,297.5,142.22,13.06
O02625,01-08-2024,C0089,P0486,S019,In-Store,1,92.81,0,92.81,58.6,34.21
O02626,01-06-2025,C0367,P1158,S026,In-Store,2,275.48,0.2,440.77,175.62,89.53
O02627,16-12-2025,C0389,P0367,Online,Online,1,201.12,0.1,181.01,158.65,22.36
O02628,26-10-2025,C0449,P0388,Online,Online,2,300.86,0.1,541.55,197.3,146.95
O02629,02-06-2024,C0543,P0332,S017,In-Store,1,159.7,0.05,151.71,102.16,49.55
O02630,18-07-2025,C0524,P0569,S015,In-Store,3,18.44,0,55.32,10.75,23.07
O02631,03-05-2025,C0596,P0154,S034,In-Store,3,179.52,0,538.56,112.41,201.33
O02632,04-05-2025,C0514,P0011,S024,In-Store,1,144.13,0.1,129.72,109.16,20.56
O02633,22-01-2025,C0694,P0233,S041,In-Store,1,82.28,0,82.28,63.78,18.5
O02634,04-10-2024,C0666,P0517,S037,In-Store,1,203.43,0.05,193.26,172.69,20.57
O02635,21-07-2024,C0669,P1046,Online,Online,2,206.49,0,412.98,141.93,129.12
O02636,26-03-2025,C0459,P0094,Online,Online,2,105.62,0,211.24,69.52,72.2
O02637,05-06-2024,C0159,P0844,S002,In-Store,3,106.04,0.2,254.5,72.11,38.17
O02638,13-07-2025,C0208,P0063,S034,In-Store,2,243.6,0,487.2,185.52,116.16
O02639,26-02-2025,C0067,P0930,Online,Online,2,201.43,0.05,382.72,135.99,110.74
O02640,19-01-2025,C0615,P0849,S041,In-Store,2,111.61,0.1,200.9,66.13,68.64
O02641,02-11-2025,C0539,P0668,S001,In-Store,1,153.87,0,153.87,89.56,64.31
O02642,11-02-2025,C0528,P1039,S021,In-Store,1,171.77,0.05,163.18,101.39,61.79
O02643,28-10-2024,C0478,P0564,Online,Online,3,331.22,0.2,794.93,166.92,294.17
O02644,14-03-2025,C0433,P0093,S046,In-Store,1,243.56,0.2,194.85,140.32,54.53
O02645,09-08-2025,C0175,P0967,S008,In-Store,2,177.85,0,355.7,94.1,167.5
O02646,19-05-2025,C0543,P0273,S015,In-Store,1,125.14,0,125.14,85.9,39.24
O02647,30-12-2025,C0650,P0358,S026,In-Store,1,224.02,0.05,212.82,191.29,21.53
O02648,18-03-2025,C0270,P0574,Online,Online,1,224.11,0.1,201.7,157.47,44.23
O02649,15-08-2025,C0390,P0376,S021,In-Store,2,79.72,0.2,127.55,56,15.55
O02650,06-03-2025,C0083,P0365,Online,Online,1,251.05,0.1,225.95,130.95,95
O02651,22-07-2025,C0673,P0292,Online,Online,1,106.04,0.1,95.44,58.28,37.16
O02652,01-04-2025,C0610,P0038,S017,In-Store,1,179.66,0.05,170.68,95.21,75.47
O02653,07-11-2025,C0469,P0745,Online,Online,3,16.81,0.05,47.91,9.63,19.02
O02654,02-01-2025,C0272,P1167,S052,In-Store,1,55.44,0,55.44,27.8,27.64
O02655,14-10-2025,C0385,P0919,Online,Online,3,285.64,0.1,771.23,166.01,273.2
O02656,11-10-2024,C0325,P0272,S057,In-Store,3,43.92,0.1,118.58,22.88,49.94
O02657,10-04-2025,C0363,P0455,S027,In-Store,1,349.41,0.1,314.47,193.71,120.76
O02658,17-09-2024,C0081,P1091,S050,In-Store,1,57.04,0.1,51.34,34.03,17.31
O02659,03-06-2025,C0285,P0033,S055,In-Store,1,288.63,0.2,230.9,158,72.9
O02660,18-07-2025,C0278,P1044,S007,In-Store,1,32.81,0.1,29.53,17.17,12.36
O02661,26-07-2025,C0583,P0925,S015,In-Store,1,65.74,0.1,59.17,48.31,10.86
O02662,21-09-2024,C0729,P0819,S012,In-Store,3,85.93,0.05,244.9,71.29,31.03
O02663,03-07-2025,C0039,P0780,S029,In-Store,2,253.19,0.2,405.1,194.67,15.76
O02664,20-01-2025,C0075,P0264,S019,In-Store,2,69.39,0.2,111.02,40.26,30.5
O02665,26-11-2024,C0682,P0356,Online,Online,1,98.78,0,98.78,61.12,37.66
O02666,28-11-2024,C0190,P1074,S010,In-Store,1,330.13,0.2,264.1,192.54,71.56
O02667,02-10-2024,C0131,P0022,S025,In-Store,2,124.36,0,248.72,104,40.72
O02668,16-11-2024,C0582,P1194,S012,In-Store,2,50.75,0.1,91.35,33.5,24.35
O02669,08-10-2025,C0604,P0316,S047,In-Store,1,150.05,0.05,142.55,95.84,46.71
O02670,22-12-2024,C0769,P1132,S055,In-Store,2,117.68,0.2,188.29,77.83,32.63
O02671,27-10-2024,C0475,P1014,S011,In-Store,3,184.27,0.1,497.53,155.05,32.38
O02672,04-05-2024,C0444,P0025,S015,In-Store,1,83.7,0.1,75.33,51.97,23.36
O02673,28-06-2025,C0050,P1071,S051,In-Store,2,145.95,0.1,262.71,95.48,71.75
O02674,13-07-2024,C0252,P0195,S038,In-Store,2,151.18,0.05,287.24,77.35,132.54
O02675,17-06-2024,C0613,P0173,Online,Online,4,209.18,0.05,794.88,115.36,333.44
O02676,25-01-2025,C0030,P0009,S018,In-Store,1,250.87,0.1,225.78,173.96,51.82
O02677,03-07-2024,C0674,P0955,S009,In-Store,2,222.1,0,444.2,113.68,216.84
O02678,06-09-2024,C0312,P0464,S055,In-Store,1,30.5,0.1,27.45,25.66,1.79
O02679,02-01-2025,C0577,P0144,Online,Online,2,13.11,0,26.22,10.04,6.14
O02680,15-08-2025,C0528,P1177,S009,In-Store,1,59.49,0.2,47.59,42.92,4.67
O02681,06-10-2024,C0605,P1106,S020,In-Store,1,88.1,0.2,70.48,52.32,18.16
O02682,05-01-2025,C0760,P0277,Online,Online,2,239.39,0,478.78,124.99,228.8
O02683,03-07-2025,C0726,P0309,Online,Online,5,364.92,0.05,1733.37,199.47,736.02
O02684,02-07-2025,C0237,P0063,S031,In-Store,2,243.6,0.2,389.76,185.52,18.72
O02685,02-12-2024,C0104,P0534,S039,In-Store,1,53.64,0.2,42.91,29.75,13.16
O02686,06-06-2025,C0582,P1116,S052,In-Store,1,207.01,0,207.01,176.53,30.48
O02687,19-10-2024,C0378,P0823,S056,In-Store,1,121.11,0,121.11,85.42,35.69
O02688,13-01-2025,C0674,P0746,Online,Online,1,28.27,0,28.27,15.58,12.69
O02689,24-12-2024,C0418,P0837,Online,Online,1,231.93,0.2,185.54,171.59,13.95
O02690,05-12-2024,C0491,P0313,S041,In-Store,2,258.17,0.1,464.71,161.71,141.29
O02691,12-04-2024,C0006,P0634,Online,Online,1,116.61,0.1,104.95,76.83,28.12
O02692,19-01-2025,C0123,P0334,S004,In-Store,3,135.83,0.05,387.12,118.75,30.87
O02693,03-09-2024,C0633,P0646,S006,In-Store,2,230.95,0,461.9,172.99,115.92
O02694,18-04-2025,C0501,P1015,Online,Online,1,164.79,0.05,156.55,94.58,61.97
O02695,10-09-2025,C0358,P0127,Online,Online,1,89.43,0,89.43,62.77,26.66
O02696,20-05-2025,C0780,P0367,S009,In-Store,3,201.12,0.1,543.02,158.65,67.07
O02697,30-12-2024,C0762,P1195,S004,In-Store,2,21.82,0.05,41.46,15.31,10.84
O02698,17-06-2024,C0198,P0430,S012,In-Store,2,126.13,0.1,227.03,78.96,69.11
O02699,16-03-2025,C0300,P0635,Online,Online,1,80.35,0.2,64.28,52.18,12.1
O02700,01-05-2024,C0623,P0000,S031,In-Store,2,64.65,0.2,103.44,52.75,-2.06
O02701,16-07-2025,C0767,P1094,S008,In-Store,1,137.56,0.05,130.68,79.96,50.72
O02702,15-12-2024,C0067,P0010,S030,In-Store,1,99.46,0.2,79.57,77.19,2.38
O02703,25-09-2025,C0796,P0146,S040,In-Store,4,297.56,0,1190.24,199.4,392.64
O02704,17-08-2025,C0704,P1141,S022,In-Store,2,83.18,0,166.36,51.9,62.56
O02705,01-02-2025,C0244,P0340,S037,In-Store,2,68.28,0.1,122.9,43.82,35.26
O02706,16-04-2025,C0360,P0785,Online,Online,1,57.39,0.1,51.65,46.09,5.56
O02707,31-10-2025,C0075,P1143,S032,In-Store,1,168.73,0,168.73,135.46,33.27
O02708,16-07-2024,C0557,P0161,S051,In-Store,1,351.88,0,351.88,186.91,164.97
O02709,05-12-2024,C0462,P0533,Online,Online,1,299.75,0.2,239.8,190.84,48.96
O02710,18-03-2025,C0254,P0239,S003,In-Store,4,322.42,0.2,1031.74,167.25,362.74
O02711,02-07-2025,C0002,P0103,Online,Online,1,171.58,0.05,163,96.71,66.29
O02712,01-02-2025,C0012,P0637,S019,In-Store,1,87.73,0,87.73,60.59,27.14
O02713,30-09-2025,C0018,P0509,S050,In-Store,1,222.66,0.05,211.53,126.99,84.54
O02714,25-05-2025,C0552,P0049,S037,In-Store,3,186.29,0.2,447.1,135.98,39.16
O02715,14-07-2024,C0164,P0081,Online,Online,2,102.43,0.1,184.37,60.34,63.69
O02716,09-03-2025,C0557,P1135,S017,In-Store,1,65.37,0.1,58.83,47.87,10.96
O02717,26-05-2024,C0710,P0043,S034,In-Store,3,123.95,0,371.85,62.86,183.27
O02718,06-10-2025,C0329,P0322,S021,In-Store,2,40.71,0,81.42,20.84,39.74
O02719,23-03-2025,C0391,P0578,S045,In-Store,2,178.32,0.05,338.81,133.09,72.63
O02720,26-05-2024,C0739,P0484,S026,In-Store,2,130.78,0.05,248.48,84.78,78.92
O02721,20-06-2025,C0194,P0959,Online,Online,4,56.21,0,224.84,50.03,24.72
O02722,10-01-2025,C0519,P0109,S053,In-Store,4,241.11,0.2,771.55,188.59,17.19
O02723,13-03-2025,C0517,P1143,S002,In-Store,1,168.73,0.05,160.29,135.46,24.83
O02724,05-02-2025,C0695,P0240,S039,In-Store,3,85.49,0,256.47,52.45,99.12
O02725,23-07-2024,C0740,P0577,S005,In-Store,2,309.01,0,618.02,154.53,308.96
O02726,06-03-2025,C0148,P0798,S006,In-Store,2,97.75,0.1,175.95,54.63,66.69
O02727,18-10-2025,C0566,P0693,S021,In-Store,1,147.47,0.05,140.1,132.72,7.38
O02728,30-03-2025,C0246,P0381,S007,In-Store,1,169.3,0.2,135.44,107.47,27.97
O02729,20-04-2024,C0465,P0325,Online,Online,1,22.19,0.1,19.97,19.23,0.74
O02730,15-10-2025,C0481,P0014,S017,In-Store,2,34.42,0.1,61.96,17.91,26.14
O02731,04-08-2025,C0285,P0606,S044,In-Store,3,6.77,0,20.31,5.74,3.09
O02732,22-06-2024,C0695,P0281,S057,In-Store,1,197.67,0.05,187.79,145.12,42.67
O02733,17-08-2025,C0768,P0130,Online,Online,1,115.06,0,115.06,90.89,24.17
O02734,13-02-2025,C0586,P0694,S036,In-Store,3,156.82,0.1,423.41,89.41,155.18
O02735,10-05-2025,C0476,P0995,S026,In-Store,1,177.45,0.05,168.58,106.34,62.24
O02736,31-12-2025,C0184,P0508,S048,In-Store,2,35.78,0.2,57.25,21.07,15.11
O02737,25-07-2025,C0372,P0475,S008,In-Store,2,213.94,0.2,342.3,117.58,107.14
O02738,05-07-2025,C0547,P0616,Online,Online,2,285.94,0.1,514.69,190.1,134.49
O02739,06-08-2025,C0568,P0918,Online,Online,1,259.5,0.2,207.6,148.18,59.42
O02740,08-05-2025,C0049,P0677,S003,In-Store,1,244.62,0.2,195.7,158.03,37.67
O02741,05-01-2025,C0405,P0810,Online,Online,1,235.44,0,235.44,143.76,91.68
O02742,08-12-2025,C0132,P1087,S005,In-Store,2,36.72,0.2,58.75,18.53,21.69
O02743,07-07-2025,C0008,P1116,S000,In-Store,2,207.01,0.05,393.32,176.53,40.26
O02744,13-07-2025,C0606,P0242,S003,In-Store,1,138.25,0.05,131.34,108.47,22.87
O02745,25-02-2025,C0146,P0747,Online,Online,1,127.24,0.1,114.52,84.49,30.03
O02746,03-04-2025,C0705,P0409,S029,In-Store,1,263.72,0.1,237.35,161.91,75.44
O02747,11-07-2024,C0712,P0188,S054,In-Store,3,302.59,0,907.77,172.73,389.58
O02748,21-02-2025,C0191,P0803,Online,Online,1,180.46,0.2,144.37,112.66,31.71
O02749,23-07-2024,C0474,P0714,S017,In-Store,1,219.22,0.2,175.38,133.22,42.16
O02750,17-07-2024,C0677,P0658,Online,Online,2,136.72,0.1,246.1,84.79,76.52
O02751,05-01-2025,C0604,P0280,Online,Online,1,31.96,0.1,28.76,17.25,11.51
O02752,14-07-2025,C0619,P0576,S059,In-Store,2,323.53,0.1,582.35,179.67,223.01
O02753,17-10-2024,C0092,P0254,S040,In-Store,3,266.56,0,799.68,184,247.68
O02754,21-12-2024,C0609,P0797,S022,In-Store,1,229.4,0.05,217.93,158.96,58.97
O02755,08-10-2025,C0289,P0676,S025,In-Store,2,199.44,0.05,378.94,166.98,44.98
O02756,03-05-2025,C0611,P0759,Online,Online,1,71.59,0.2,57.27,61.68,-4.41
O02757,16-05-2025,C0053,P0644,S024,In-Store,1,177.67,0,177.67,104.75,72.92
O02758,29-03-2025,C0418,P0210,S053,In-Store,2,193.02,0.05,366.74,100.6,165.54
O02759,30-10-2025,C0433,P0062,S018,In-Store,1,234.63,0.2,187.7,138,49.7
O02760,09-04-2025,C0157,P0863,S025,In-Store,2,109.7,0,219.4,72.06,75.28
O02761,01-02-2025,C0361,P0128,Online,In-Store,2,115.63,0,231.26,58.49,114.28
O02762,27-07-2025,C0203,P0008,Online,Online,2,18.19,0.05,34.56,13.94,6.68
O02763,30-01-2025,C0650,P0184,S051,In-Store,3,207.61,0,622.83,118.02,268.77
O02764,09-12-2024,C0055,P0710,S036,In-Store,2,23.5,0,47,14.07,18.86
O02765,25-06-2025,C0183,P0523,S013,In-Store,3,228.06,0.05,649.97,187.12,88.61
O02766,02-01-2025,C0314,P0905,S003,In-Store,1,138.07,0.2,110.46,108.67,1.79
O02767,15-11-2025,C0749,P0748,Online,Online,2,14.14,0.1,25.45,8.29,8.87
O02768,20-11-2024,C0478,P1195,Online,Online,2,21.82,0.2,34.91,15.31,4.29
O02769,14-10-2025,C0752,P0163,S059,In-Store,1,136.28,0.2,109.02,80.29,28.73
O02770,24-12-2024,C0761,P0615,S025,In-Store,2,92.09,0.05,174.97,63.28,48.41
O02771,12-12-2024,C0397,P0252,S012,In-Store,4,231.15,0.1,832.14,196.57,45.86
O02772,05-06-2025,C0506,P0540,S035,In-Store,1,216.88,0.2,173.5,112.81,60.69
O02773,05-02-2025,C0007,P0766,S003,In-Store,2,103.05,0.05,195.8,74.95,45.9
O02774,01-11-2024,C0763,P0979,S051,In-Store,2,117.11,0,234.22,65.36,103.5
O02775,21-10-2024,C0250,P0012,S006,In-Store,1,331.78,0.05,315.19,197.96,117.23
O02776,23-12-2024,C0617,P0737,S015,In-Store,1,121.72,0.05,115.63,62.25,53.38
O02777,04-11-2024,C0147,P0981,Online,Online,1,11.42,0.05,10.85,7.38,3.47
O02778,03-09-2024,C0414,P0592,Online,Online,1,57.43,0.05,54.56,32.43,22.13
O02779,29-08-2025,C0136,P0659,Online,Online,3,218.6,0.05,623.01,173.17,103.5
O02780,17-07-2024,C0471,P0770,S037,In-Store,1,221.83,0.05,210.74,110.98,99.76
O02781,30-11-2024,C0449,P0969,S039,In-Store,1,171.98,0.05,163.38,90.71,72.67
O02782,10-01-2025,C0547,P0692,S002,In-Store,2,39.72,0.05,75.47,27.02,21.43
O02783,13-05-2024,C0186,P0044,Online,In-Store,1,22.6,0,22.6,14.78,7.82
O02784,06-08-2024,C0631,P0386,Online,Online,1,212.69,0.05,202.06,146.04,56.02
O02785,22-05-2024,C0300,P0283,Online,Online,2,303.48,0.1,546.26,190.91,164.44
O02786,08-03-2025,C0072,P0644,S056,In-Store,3,177.67,0,533.01,104.75,218.76
O02787,19-03-2025,C0494,P0678,S055,In-Store,2,109.85,0,219.7,74.79,70.12
O02788,08-04-2025,C0275,P0700,Online,Online,2,111.25,0.2,178,92.18,-6.36
O02789,30-01-2025,C0453,P0662,S044,In-Store,2,284.9,0,569.8,158.12,253.56
O02790,17-12-2024,C0226,P0254,Online,Online,2,266.56,0.2,426.5,184,58.5
O02791,28-10-2024,C0251,P0437,S011,In-Store,2,31.48,0.2,50.37,24.05,2.27
O02792,30-07-2024,C0742,P0308,S031,In-Store,1,53.99,0.2,43.19,28.91,14.28
O02793,11-08-2025,C0223,P0417,S026,In-Store,2,56.54,0,113.08,43.26,26.56
O02794,07-09-2024,C0411,P0611,S001,In-Store,10,121.34,0.2,970.72,90.75,63.22
O02795,08-10-2024,C0571,P0740,Online,Online,2,149.47,0.2,239.15,110.35,18.45
O02796,11-05-2024,C0343,P0641,Online,Online,1,240.92,0.1,216.83,123.63,93.2
O02797,16-08-2025,C0294,P0173,S002,In-Store,4,209.18,0.2,669.38,115.36,207.94
O02798,18-07-2024,C0304,P0109,Online,Online,1,241.11,0.2,192.89,188.59,4.3
O02799,13-06-2025,C0691,P0889,S048,In-Store,1,13.19,0.1,11.87,9.16,2.71
O02800,04-02-2025,C0438,P0928,S023,In-Store,1,175.55,0,175.55,114.06,61.49
O02801,05-05-2025,C0440,P0327,Online,Online,2,277.77,0,555.54,148.17,259.2
O02802,07-01-2025,C0414,P0390,S042,In-Store,3,178.02,0.1,480.65,92.46,203.27
O02803,26-05-2024,C0059,P0826,S050,In-Store,1,130.91,0.1,117.82,102.3,15.52
O02804,16-06-2024,C0746,P0145,Online,Online,1,193.44,0.2,154.75,153.81,0.94
O02805,22-03-2025,C0609,P0994,S013,In-Store,2,89.99,0,179.98,55.63,68.72
O02806,04-05-2025,C0222,P0082,S036,In-Store,1,177.36,0.2,141.89,136.2,5.69
O02807,21-02-2025,C0554,P0568,S038,In-Store,1,216.22,0,216.22,188.74,27.48
O02808,11-07-2025,C0723,P1036,S037,In-Store,1,145.93,0.1,131.34,111.18,20.16
O02809,02-07-2025,C0014,P0577,S051,In-Store,1,309.01,0.05,293.56,154.53,139.03
O02810,07-11-2024,C0426,P0893,Online,Online,2,170.21,0.05,323.4,92.63,138.14
O02811,16-01-2025,C0227,P0255,Online,Online,1,21.15,0.2,16.92,17.85,-0.93
O02812,07-04-2025,C0103,P0321,S037,In-Store,1,233.35,0,233.35,133.45,99.9
O02813,14-10-2025,C0106,P0674,S035,In-Store,1,170.59,0.1,153.53,111.72,41.81
O02814,17-09-2024,C0016,P0008,S011,In-Store,2,18.19,0.2,29.1,13.94,1.22
O02815,07-08-2025,C0715,P0334,Online,Online,2,135.83,0.05,258.08,118.75,20.58
O02816,23-05-2025,C0543,P0622,S019,In-Store,2,297.57,0.05,565.38,158.22,248.94
O02817,07-08-2025,C0652,P0330,S045,In-Store,2,355.55,0.2,568.88,189.35,190.18
O02818,10-12-2024,C0712,P1006,Online,Online,2,262.46,0.05,498.67,194.07,110.53
O02819,16-05-2024,C0131,P0419,S041,In-Store,2,209.55,0.2,335.28,147.89,39.5
O02820,11-02-2025,C0673,P1119,S018,In-Store,1,64.93,0,64.93,51.65,13.28
O02821,09-04-2025,C0050,P0787,S046,In-Store,2,220.2,0.05,418.38,178.71,60.96
O02822,25-08-2025,C0261,P1178,S025,In-Store,2,63.25,0.1,113.85,33.85,46.15
O02823,26-04-2025,C0588,P1098,S017,In-Store,2,91.83,0.2,146.93,63.28,20.37
O02824,16-09-2025,C0695,P0664,S043,In-Store,1,191.74,0.2,153.39,109.09,44.3
O02825,04-05-2024,C0580,P0792,Online,Online,1,96,0.05,91.2,78.75,12.45
O02826,28-08-2025,C0635,P0910,Online,Online,1,231.06,0.2,184.85,166.1,18.75
O02827,19-01-2025,C0051,P1112,Online,Online,2,251.63,0.05,478.1,154.02,170.06
O02828,01-05-2024,C0393,P0820,Online,Online,3,310.73,0,932.19,193.38,352.05
O02829,16-10-2024,C0364,P0652,S043,In-Store,1,171.03,0.2,136.82,96.8,40.02
O02830,12-09-2024,C0338,P1022,S033,In-Store,2,146.67,0.2,234.67,116.95,0.77
O02831,23-11-2024,C0769,P0734,S022,In-Store,2,33.37,0,66.74,19.21,28.32
O02832,23-08-2025,C0176,P0521,S017,In-Store,10,206.03,0,2060.3,150.83,552
O02833,05-01-2025,C0395,P1072,S033,In-Store,1,200.65,0.2,160.52,138.28,22.24
O02834,27-08-2025,C0135,P0596,S022,In-Store,2,291.59,0,583.18,147.85,287.48
O02835,18-12-2024,C0361,P0522,S009,In-Store,2,105.69,0.05,200.81,80.25,40.31
O02836,15-09-2025,C0309,P0532,Online,Online,4,49.14,0.2,157.25,28.29,44.09
O02837,09-01-2025,C0005,P0294,S053,In-Store,1,139.28,0.05,132.32,76.63,55.69
O02838,12-09-2024,C0416,P1094,S001,In-Store,2,137.56,0.05,261.36,79.96,101.44
O02839,19-09-2025,C0481,P0085,S028,In-Store,1,88.88,0,88.88,52.58,36.3
O02840,27-07-2024,C0418,P0397,Online,Online,1,29.62,0.1,26.66,18.12,8.54
O02841,05-11-2024,C0274,P0315,S032,In-Store,1,193.09,0.2,154.47,165.55,-11.08
O02842,01-06-2024,C0046,P0681,S034,In-Store,2,342.55,0.05,650.84,190.14,270.56
O02843,28-08-2024,C0623,P0569,S013,In-Store,4,18.44,0.1,66.38,10.75,23.38
O02844,12-08-2025,C0012,P1195,S040,In-Store,1,21.82,0,21.82,15.31,6.51
O02845,28-02-2025,C0487,P0498,S054,In-Store,1,35.81,0.2,28.65,19.73,8.92
O02846,07-12-2024,C0279,P0689,S035,In-Store,2,46.7,0.1,84.06,27.05,29.96
O02847,12-12-2024,C0371,P0797,S033,In-Store,1,229.4,0,229.4,158.96,70.44
O02848,14-06-2024,C0043,P0950,Online,Online,1,182.2,0.2,145.76,106.54,39.22
O02849,19-12-2024,C0503,P0612,S000,In-Store,2,257.98,0.1,464.36,151.69,160.98
O02850,12-04-2024,C0654,P0456,S043,In-Store,2,238.72,0,477.44,164.22,149
O02851,30-01-2025,C0598,P1123,Online,Online,20,75.06,0.2,1200.96,58.9,22.96
O02852,19-08-2025,C0734,P0513,Online,Online,1,27.18,0,27.18,18.81,8.37
O02853,13-09-2025,C0092,P0724,S038,In-Store,1,171.56,0.05,162.98,151.95,11.03
O02854,19-09-2025,C0287,P0035,S054,In-Store,1,270.68,0.1,243.61,136.31,107.3
O02855,24-09-2024,C0232,P0197,S028,In-Store,1,180.86,0.2,144.69,139.6,5.09
O02856,28-07-2024,C0545,P0894,S039,In-Store,2,243.1,0.1,437.58,156.3,124.98
O02857,18-09-2024,C0116,P0632,Online,Online,1,73.39,0.2,58.71,38.88,19.83
O02858,28-06-2025,C0703,P1070,S012,In-Store,1,20.86,0,20.86,15.59,5.27
O02859,03-01-2025,C0772,P0264,S020,In-Store,1,69.39,0.2,55.51,40.26,15.25
O02860,20-09-2025,C0283,P0217,S010,In-Store,2,197.95,0.05,376.1,167.2,41.7
O02861,29-06-2025,C0225,P0344,S027,In-Store,3,196.16,0,588.48,143.2,158.88
O02862,24-09-2025,C0369,P1123,S039,In-Store,1,75.06,0.1,67.55,58.9,8.65
O02863,28-09-2024,C0430,P0984,Online,Online,1,201.59,0.05,191.51,125.85,65.66
O02864,28-11-2025,C0454,P0394,Online,In-Store,1,219,0.2,175.2,165.56,9.64
O02865,27-06-2025,C0604,P0437,S041,In-Store,2,31.48,0,62.96,24.05,14.86
O02866,01-05-2024,C0542,P0184,S032,In-Store,2,207.61,0.05,394.46,118.02,158.42
O02867,26-03-2025,C0150,P0781,S052,In-Store,1,153.3,0.1,137.97,99.94,38.03
O02868,08-02-2025,C0424,P1123,S001,In-Store,1,75.06,0.2,60.05,58.9,1.15
O02869,24-05-2024,C0241,P0273,S009,In-Store,2,125.14,0.05,237.77,85.9,65.97
O02870,29-07-2024,C0121,P0922,S017,In-Store,3,281.17,0,843.51,150.8,391.11
O02871,24-05-2024,C0175,P0466,S052,In-Store,1,135.41,0,135.41,99.14,36.27
O02872,20-02-2025,C0515,P0877,Online,In-Store,1,238.06,0.2,190.45,179.66,10.79
O02873,08-05-2025,C0565,P0574,S028,In-Store,2,224.11,0.1,403.4,157.47,88.46
O02874,09-08-2025,C0072,P0911,S020,In-Store,1,298.36,0.1,268.52,154.31,114.21
O02875,05-04-2025,C0537,P0158,S056,In-Store,3,106.61,0,319.83,58.87,143.22
O02876,25-07-2024,C0766,P0430,S004,In-Store,1,126.13,0.1,113.52,78.96,34.56
O02877,27-03-2025,C0328,P1011,S035,In-Store,1,88.39,0.1,79.55,77.97,1.58
O02878,29-11-2025,C0623,P0799,Online,Online,2,61.07,0.05,116.03,55.27,5.49
O02879,02-07-2025,C0563,P1048,S013,In-Store,1,60.3,0,60.3,41.7,18.6
O02880,08-04-2025,C0017,P0980,S009,In-Store,1,34.02,0.05,32.32,27.92,4.4
O02881,18-02-2025,C0697,P0222,Online,Online,1,213.61,0,213.61,116.95,96.66
O02882,07-12-2024,C0341,P0180,S051,In-Store,3,331.2,0,993.6,195.7,406.5
O02883,22-05-2024,C0580,P1105,S024,In-Store,1,14.96,0,14.96,12.19,2.77
O02884,30-09-2024,C0137,P0054,S031,In-Store,1,315.6,0,315.6,178.49,137.11
O02885,25-06-2024,C0397,P0684,Online,Online,2,222.84,0,445.68,161.31,123.06
O02886,26-04-2025,C0600,P0270,Online,Online,1,245.33,0.05,233.06,130.03,103.03
O02887,01-07-2025,C0147,P0793,S057,In-Store,1,273.34,0.05,259.67,166.17,93.5
O02888,02-04-2025,C0723,P1047,S054,In-Store,2,126.31,0.2,202.1,79.41,43.28
O02889,02-06-2025,C0622,P0930,S015,In-Store,2,201.43,0.1,362.57,135.99,90.59
O02890,02-05-2024,C0502,P0671,S039,In-Store,4,50.49,0.2,161.57,29.02,45.49
O02891,20-08-2024,C0596,P0461,S012,In-Store,2,201.11,0.1,362,111.01,139.98
O02892,10-04-2025,C0456,P0027,S028,In-Store,3,236.79,0.05,674.85,189.64,105.93
O02893,07-05-2025,C0784,P0349,S042,In-Store,1,134.4,0.05,127.68,91,36.68
O02894,20-05-2024,C0337,P0696,S043,In-Store,1,157.7,0.1,141.93,103.59,38.34
O02895,11-10-2024,C0033,P0732,Online,Online,2,186.46,0,372.92,95.93,181.06
O02896,01-09-2025,C0632,P0455,S045,In-Store,2,349.41,0.1,628.94,193.71,241.52
O02897,11-01-2025,C0318,P0752,S034,In-Store,1,273.69,0.05,260.01,150.62,109.39
O02898,28-12-2024,C0078,P0637,Online,Online,1,87.73,0.2,70.18,60.59,9.59
O02899,12-01-2025,C0667,P0209,S059,In-Store,2,25.81,0.05,49.04,16.86,15.32
O02900,08-07-2025,C0059,P0660,S012,In-Store,2,161.23,0.2,257.97,128.05,1.87
O02901,04-04-2025,C0454,P0233,S048,In-Store,2,82.28,0.2,131.65,63.78,4.09
O02902,12-02-2025,C0795,P1093,S047,In-Store,2,143.78,0,287.56,98.24,91.08
O02903,21-08-2025,C0448,P0922,S034,In-Store,1,281.17,0,281.17,150.8,130.37
O02904,08-03-2025,C0145,P0475,S019,In-Store,1,213.94,0.1,192.55,117.58,74.97
O02905,06-05-2025,C0524,P0597,Online,Online,1,105.66,0.2,84.53,73.49,11.04
O02906,30-04-2024,C0300,P0050,S014,In-Store,3,188.61,0.2,452.66,94.37,169.55
O02907,07-03-2025,C0437,P0610,S004,In-Store,2,254.51,0.2,407.22,177.67,51.88
O02908,01-02-2025,C0137,P0653,S048,In-Store,1,62.89,0.2,50.31,48.34,1.97
O02909,30-09-2025,C0213,P0243,S017,In-Store,1,62.91,0.2,50.33,51.07,-0.74
O02910,01-12-2025,C0723,P0328,S045,In-Store,4,126.04,0.05,478.95,105.42,57.27
O02911,21-10-2025,C0239,P0213,S035,In-Store,1,192.05,0.05,182.45,159.65,22.8
O02912,26-05-2024,C0139,P1156,S021,In-Store,1,31.98,0.1,28.78,22.03,6.75
O02913,12-06-2024,C0677,P0623,S052,In-Store,2,122.49,0.05,232.73,79.69,73.35
O02914,04-02-2025,C0307,P0185,S047,In-Store,2,189.67,0.1,341.41,150.76,39.89
O02915,25-09-2024,C0355,P0520,S037,In-Store,2,288.31,0.2,461.3,170.34,120.62
O02916,04-01-2025,C0024,P0955,S019,In-Store,3,222.1,0.1,599.67,113.68,258.63
O02917,18-04-2025,C0482,P0521,S046,In-Store,2,206.03,0,412.06,150.83,110.4
O02918,15-10-2025,C0647,P1172,S018,In-Store,1,354.52,0,354.52,179.72,174.8
O02919,28-08-2025,C0498,P0548,S059,In-Store,1,209.52,0,209.52,186.82,22.7
O02920,01-11-2025,C0452,P0006,S017,In-Store,2,233.12,0.05,442.93,147.3,148.33
O02921,20-03-2025,C0078,P1051,S025,In-Store,4,36.09,0,144.36,21.51,58.32
O02922,18-07-2024,C0293,P0202,Online,Online,1,218.6,0.1,196.74,119.34,77.4
O02923,13-03-2025,C0683,P0982,S056,In-Store,3,83.76,0,251.28,51.39,97.11
O02924,29-11-2024,C0261,P1151,Online,Online,2,258.14,0.2,413.02,196.34,20.34
O02925,28-03-2025,C0294,P0052,S008,In-Store,2,95.71,0.05,181.85,77.06,27.73
O02926,21-03-2025,C0295,P0494,S049,In-Store,1,82.34,0,82.34,61.42,20.92
O02927,02-07-2024,C0434,P0712,S047,In-Store,1,124,0,124,108.42,15.58
O02928,14-04-2024,C0661,P1198,S052,In-Store,2,285.33,0.05,542.13,166.23,209.67
O02929,12-12-2024,C0193,P0851,S029,In-Store,2,70.32,0,140.64,37.63,65.38
O02930,30-08-2024,C0386,P0850,S017,In-Store,20,321.09,0,6421.8,178.1,2859.8
O02931,23-02-2025,C0320,P0807,S017,In-Store,1,135.25,0.05,128.49,80.88,47.61
O02932,19-09-2025,C0032,P0275,S053,In-Store,1,284.15,0.05,269.94,168.64,101.3
O02933,03-02-2025,C0715,P0450,Online,Online,1,225.1,0,225.1,145.58,79.52
O02934,29-09-2024,C0213,P0896,S035,In-Store,2,165.91,0.05,315.23,107.19,100.85
O02935,08-02-2025,C0499,P0733,S001,In-Store,2,218.05,0,436.1,121.39,193.32
O02936,24-07-2025,C0463,P0147,S040,In-Store,1,101.99,0.1,91.79,72.85,18.94
O02937,03-07-2024,C0413,P0246,Online,Online,1,40,0,40,34.44,5.56
O02938,03-03-2025,C0216,P0502,S022,In-Store,1,256.28,0,256.28,165.85,90.43
O02939,28-06-2024,C0404,P0738,S019,In-Store,1,203.31,0.05,193.14,135.44,57.7
O02940,08-11-2024,C0385,P0107,Online,Online,1,193.34,0.2,154.67,154.55,0.12
O02941,12-10-2024,C0769,P0262,S004,In-Store,1,48.1,0.1,43.29,35.21,8.08
O02942,13-05-2025,C0658,P0781,S040,In-Store,1,153.3,0.1,137.97,99.94,38.03
O02943,24-04-2025,C0776,P0323,S031,In-Store,1,141.5,0.2,113.2,125.53,-12.33
O02944,03-02-2025,C0269,P0189,Online,Online,1,177.09,0,177.09,159.18,17.91
O02945,08-06-2024,C0476,P1121,S011,In-Store,4,7.73,0.1,27.83,5.89,4.27
O02946,21-04-2025,C0746,P0426,S050,In-Store,3,289.27,0.1,781.03,184.02,228.97
O02947,17-06-2024,C0699,P0523,S025,In-Store,1,228.06,0.2,182.45,187.12,-4.67
O02948,21-06-2025,C0546,P1097,Online,Online,2,165.33,0,330.66,131.32,68.02
O02949,20-11-2024,C0773,P0493,S004,In-Store,2,178.11,0.1,320.6,108.79,103.02
O02950,05-04-2025,C0282,P0774,S044,In-Store,3,58.03,0,174.09,36.05,65.94
O02951,19-11-2025,C0493,P0598,S012,In-Store,1,169.19,0.05,160.73,93,67.73
O02952,05-10-2024,C0117,P0533,S037,In-Store,3,299.75,0.2,719.4,190.84,146.88
O02953,02-11-2025,C0477,P0595,S013,In-Store,1,277.06,0,277.06,158.47,118.59
O02954,11-04-2024,C0704,P0016,Online,Online,1,57.06,0.1,51.35,32.23,19.12
O02955,15-10-2024,C0451,P1014,S027,In-Store,2,184.27,0,368.54,155.05,58.44
O02956,26-04-2025,C0053,P1082,S032,In-Store,3,35.93,0,107.79,21.85,42.24
O02957,04-08-2024,C0740,P1097,S015,In-Store,4,165.33,0,661.32,131.32,136.04
O02958,05-06-2025,C0596,P0172,S017,In-Store,1,89.42,0,89.42,62.21,27.21
O02959,23-11-2025,C0443,P0985,S010,In-Store,2,57.24,0,114.48,33.91,46.66
O02960,17-08-2025,C0015,P0995,S004,In-Store,1,177.45,0.2,141.96,106.34,35.62
O02961,11-10-2024,C0629,P0830,S020,In-Store,2,200.01,0.2,320.02,100.71,118.6
O02962,11-08-2025,C0338,P0930,S026,In-Store,1,201.43,0,201.43,135.99,65.44
O02963,02-06-2024,C0438,P1184,S015,In-Store,1,32.67,0,32.67,22.25,10.42
O02964,25-04-2024,C0269,P0367,S012,In-Store,1,201.12,0,201.12,158.65,42.47
O02965,17-11-2024,C0054,P0378,Online,Online,2,99.58,0.05,189.2,76.67,35.86
O02966,20-04-2024,C0442,P0686,S044,In-Store,1,351.61,0.1,316.45,179.43,137.02
O02967,24-03-2025,C0019,P0668,S008,In-Store,2,153.87,0.05,292.35,89.56,113.23
O02968,03-07-2024,C0097,P0196,Online,Online,3,245.56,0.05,699.85,132.71,301.72
O02969,08-12-2025,C0418,P0983,Online,Online,2,149.62,0.1,269.32,91.17,86.98
O02970,01-01-2025,C0327,P0891,S001,In-Store,3,183.58,0,550.74,115.51,204.21
O02971,15-02-2025,C0411,P0869,S013,In-Store,2,216.72,0.05,411.77,171.43,68.91
O02972,19-03-2025,C0139,P0569,Online,Online,1,18.44,0.1,16.6,10.75,5.85
O02973,25-09-2025,C0601,P0267,Online,Online,3,349.07,0.05,994.85,193.29,414.98
O02974,04-01-2025,C0386,P0286,S006,In-Store,1,43.94,0,43.94,31.01,12.93
O02975,17-03-2025,C0116,P0425,Online,Online,2,148.66,0.1,267.59,109.47,48.65
O02976,01-10-2024,C0589,P0206,Online,Online,3,44.72,0.05,127.45,38.98,10.51
O02977,10-04-2025,C0529,P0775,S007,In-Store,2,22.99,0.05,43.68,12.88,17.92
O02978,16-06-2025,C0750,P0520,S055,In-Store,1,288.31,0.2,230.65,170.34,60.31
O02979,07-01-2025,C0341,P0258,Online,Online,1,52.4,0.05,49.78,30.15,19.63
O02980,01-07-2024,C0305,P0610,S027,In-Store,3,254.51,0,763.53,177.67,230.52
O02981,29-06-2025,C0597,P1048,S012,In-Store,1,60.3,0.1,54.27,41.7,12.57
O02982,29-03-2025,C0055,P1194,S015,In-Store,2,50.75,0.2,81.2,33.5,14.2
O02983,11-03-2025,C0651,P0969,S055,In-Store,2,171.98,0.05,326.76,90.71,145.34
O02984,01-02-2025,C0586,P1126,S023,In-Store,2,29.09,0.05,55.27,25.36,4.55
O02985,13-05-2024,C0237,P0729,S049,In-Store,2,183.66,0,367.32,92.52,182.28
O02986,14-01-2025,C0181,P0785,S025,In-Store,1,57.39,0.1,51.65,46.09,5.56
O02987,25-02-2025,C0576,P0135,Online,Online,1,218.78,0.2,175.02,123.88,51.14
O02988,16-07-2024,C0378,P0504,Online,In-Store,2,23.22,0,46.44,13.96,18.52
O02989,09-11-2024,C0426,P0852,S017,In-Store,2,326.03,0.2,521.65,188.39,144.87
O02990,20-08-2025,C0378,P0448,Online,Online,1,117.04,0.1,105.34,101.16,4.18
O02991,18-08-2024,C0452,P0554,S025,In-Store,3,115.46,0.2,277.1,61.88,91.46
O02992,21-02-2025,C0682,P0477,S035,In-Store,1,202.25,0.2,161.8,124.21,37.59
O02993,29-12-2024,C0649,P1180,S021,In-Store,1,89.37,0.05,84.9,47.06,37.84
O02994,03-03-2025,C0207,P0795,S037,In-Store,1,255.38,0.05,242.61,133.58,109.03
O02995,09-03-2025,C0346,P0972,Online,Online,1,113.58,0.2,90.86,81.65,9.21
O02996,10-11-2025,C0714,P0856,S047,In-Store,1,72.18,0.05,68.57,53.24,15.33
O02997,18-08-2025,C0217,P0586,S021,In-Store,3,276.2,0.2,662.88,192.31,85.95
O02998,11-11-2024,C0591,P0053,S006,In-Store,1,222.76,0.2,178.21,186.69,-8.48
O02999,09-03-2025,C0150,P0606,S037,In-Store,2,6.77,0.05,12.86,5.74,1.38
